tinyimagenet_2024,vnncomp2025_benchmarks/benchmarks/tinyimagenet_2024/onnx/TinyImageNet_resnet_medium.onnx,vnncomp2025_benchmarks/benchmarks/tinyimagenet_2024/vnnlib/TinyImageNet_resnet_medium_prop_idx_1126_sidx_4974_eps_0.0039.vnnlib,.005865759,unsat,54.934645990
tinyimagenet_2024,vnncomp2025_benchmarks/benchmarks/tinyimagenet_2024/onnx/TinyImageNet_resnet_medium.onnx,vnncomp2025_benchmarks/benchmarks/tinyimagenet_2024/vnnlib/TinyImageNet_resnet_medium_prop_idx_6827_sidx_2613_eps_0.0039.vnnlib,.005703595,sat,15.855517200
tinyimagenet_2024,vnncomp2025_benchmarks/benchmarks/tinyimagenet_2024/onnx/TinyImageNet_resnet_medium.onnx,vnncomp2025_benchmarks/benchmarks/tinyimagenet_2024/vnnlib/TinyImageNet_resnet_medium_prop_idx_7943_sidx_6299_eps_0.0039.vnnlib,.005778029,timeout,105.017823448
tinyimagenet_2024,vnncomp2025_benchmarks/benchmarks/tinyimagenet_2024/onnx/TinyImageNet_resnet_medium.onnx,vnncomp2025_benchmarks/benchmarks/tinyimagenet_2024/vnnlib/TinyImageNet_resnet_medium_prop_idx_9558_sidx_6082_eps_0.0039.vnnlib,.005870730,sat,15.810799314
tinyimagenet_2024,vnncomp2025_benchmarks/benchmarks/tinyimagenet_2024/onnx/TinyImageNet_resnet_medium.onnx,vnncomp2025_benchmarks/benchmarks/tinyimagenet_2024/vnnlib/TinyImageNet_resnet_medium_prop_idx_2341_sidx_4149_eps_0.0039.vnnlib,.005730306,timeout,109.733676452
tinyimagenet_2024,vnncomp2025_benchmarks/benchmarks/tinyimagenet_2024/onnx/TinyImageNet_resnet_medium.onnx,vnncomp2025_benchmarks/benchmarks/tinyimagenet_2024/vnnlib/TinyImageNet_resnet_medium_prop_idx_5478_sidx_174_eps_0.0039.vnnlib,.005731475,unsat,39.467234025
tinyimagenet_2024,vnncomp2025_benchmarks/benchmarks/tinyimagenet_2024/onnx/TinyImageNet_resnet_medium.onnx,vnncomp2025_benchmarks/benchmarks/tinyimagenet_2024/vnnlib/TinyImageNet_resnet_medium_prop_idx_9262_sidx_880_eps_0.0039.vnnlib,.005656074,sat,14.730258865
tinyimagenet_2024,vnncomp2025_benchmarks/benchmarks/tinyimagenet_2024/onnx/TinyImageNet_resnet_medium.onnx,vnncomp2025_benchmarks/benchmarks/tinyimagenet_2024/vnnlib/TinyImageNet_resnet_medium_prop_idx_6252_sidx_9972_eps_0.0039.vnnlib,.005753076,sat,16.067587781
tinyimagenet_2024,vnncomp2025_benchmarks/benchmarks/tinyimagenet_2024/onnx/TinyImageNet_resnet_medium.onnx,vnncomp2025_benchmarks/benchmarks/tinyimagenet_2024/vnnlib/TinyImageNet_resnet_medium_prop_idx_2146_sidx_298_eps_0.0039.vnnlib,.005751177,unsat,70.772977986
tinyimagenet_2024,vnncomp2025_benchmarks/benchmarks/tinyimagenet_2024/onnx/TinyImageNet_resnet_medium.onnx,vnncomp2025_benchmarks/benchmarks/tinyimagenet_2024/vnnlib/TinyImageNet_resnet_medium_prop_idx_538_sidx_2467_eps_0.0039.vnnlib,.005657935,unsat,31.521438729
tinyimagenet_2024,vnncomp2025_benchmarks/benchmarks/tinyimagenet_2024/onnx/TinyImageNet_resnet_medium.onnx,vnncomp2025_benchmarks/benchmarks/tinyimagenet_2024/vnnlib/TinyImageNet_resnet_medium_prop_idx_5134_sidx_3767_eps_0.0039.vnnlib,.005785828,sat,15.778922196
tinyimagenet_2024,vnncomp2025_benchmarks/benchmarks/tinyimagenet_2024/onnx/TinyImageNet_resnet_medium.onnx,vnncomp2025_benchmarks/benchmarks/tinyimagenet_2024/vnnlib/TinyImageNet_resnet_medium_prop_idx_9535_sidx_6151_eps_0.0039.vnnlib,.005698535,unsat,44.981804982
tinyimagenet_2024,vnncomp2025_benchmarks/benchmarks/tinyimagenet_2024/onnx/TinyImageNet_resnet_medium.onnx,vnncomp2025_benchmarks/benchmarks/tinyimagenet_2024/vnnlib/TinyImageNet_resnet_medium_prop_idx_253_sidx_4834_eps_0.0039.vnnlib,.005813898,timeout,105.153753797
tinyimagenet_2024,vnncomp2025_benchmarks/benchmarks/tinyimagenet_2024/onnx/TinyImageNet_resnet_medium.onnx,vnncomp2025_benchmarks/benchmarks/tinyimagenet_2024/vnnlib/TinyImageNet_resnet_medium_prop_idx_5673_sidx_6615_eps_0.0039.vnnlib,.005770877,unsat,27.230490448
tinyimagenet_2024,vnncomp2025_benchmarks/benchmarks/tinyimagenet_2024/onnx/TinyImageNet_resnet_medium.onnx,vnncomp2025_benchmarks/benchmarks/tinyimagenet_2024/vnnlib/TinyImageNet_resnet_medium_prop_idx_1459_sidx_443_eps_0.0039.vnnlib,.005788988,unsat,28.360077610
tinyimagenet_2024,vnncomp2025_benchmarks/benchmarks/tinyimagenet_2024/onnx/TinyImageNet_resnet_medium.onnx,vnncomp2025_benchmarks/benchmarks/tinyimagenet_2024/vnnlib/TinyImageNet_resnet_medium_prop_idx_551_sidx_6748_eps_0.0039.vnnlib,.005774537,unsat,79.074101990
tinyimagenet_2024,vnncomp2025_benchmarks/benchmarks/tinyimagenet_2024/onnx/TinyImageNet_resnet_medium.onnx,vnncomp2025_benchmarks/benchmarks/tinyimagenet_2024/vnnlib/TinyImageNet_resnet_medium_prop_idx_4526_sidx_9254_eps_0.0039.vnnlib,.005713505,timeout,104.186914646
tinyimagenet_2024,vnncomp2025_benchmarks/benchmarks/tinyimagenet_2024/onnx/TinyImageNet_resnet_medium.onnx,vnncomp2025_benchmarks/benchmarks/tinyimagenet_2024/vnnlib/TinyImageNet_resnet_medium_prop_idx_2063_sidx_8156_eps_0.0039.vnnlib,.005765366,unsat,41.647752163
tinyimagenet_2024,vnncomp2025_benchmarks/benchmarks/tinyimagenet_2024/onnx/TinyImageNet_resnet_medium.onnx,vnncomp2025_benchmarks/benchmarks/tinyimagenet_2024/vnnlib/TinyImageNet_resnet_medium_prop_idx_879_sidx_6242_eps_0.0039.vnnlib,.005685493,unsat,65.327470113
tinyimagenet_2024,vnncomp2025_benchmarks/benchmarks/tinyimagenet_2024/onnx/TinyImageNet_resnet_medium.onnx,vnncomp2025_benchmarks/benchmarks/tinyimagenet_2024/vnnlib/TinyImageNet_resnet_medium_prop_idx_247_sidx_1124_eps_0.0039.vnnlib,.005699435,unsat,88.159996374
tinyimagenet_2024,vnncomp2025_benchmarks/benchmarks/tinyimagenet_2024/onnx/TinyImageNet_resnet_medium.onnx,vnncomp2025_benchmarks/benchmarks/tinyimagenet_2024/vnnlib/TinyImageNet_resnet_medium_prop_idx_2582_sidx_5386_eps_0.0039.vnnlib,.005678214,timeout,104.865828957
tinyimagenet_2024,vnncomp2025_benchmarks/benchmarks/tinyimagenet_2024/onnx/TinyImageNet_resnet_medium.onnx,vnncomp2025_benchmarks/benchmarks/tinyimagenet_2024/vnnlib/TinyImageNet_resnet_medium_prop_idx_2936_sidx_7810_eps_0.0039.vnnlib,.005727575,timeout,106.900027161
tinyimagenet_2024,vnncomp2025_benchmarks/benchmarks/tinyimagenet_2024/onnx/TinyImageNet_resnet_medium.onnx,vnncomp2025_benchmarks/benchmarks/tinyimagenet_2024/vnnlib/TinyImageNet_resnet_medium_prop_idx_1175_sidx_7775_eps_0.0039.vnnlib,.005893879,timeout,129.992586174
tinyimagenet_2024,vnncomp2025_benchmarks/benchmarks/tinyimagenet_2024/onnx/TinyImageNet_resnet_medium.onnx,vnncomp2025_benchmarks/benchmarks/tinyimagenet_2024/vnnlib/TinyImageNet_resnet_medium_prop_idx_7365_sidx_3284_eps_0.0039.vnnlib,.005674314,sat,15.560124759
tinyimagenet_2024,vnncomp2025_benchmarks/benchmarks/tinyimagenet_2024/onnx/TinyImageNet_resnet_medium.onnx,vnncomp2025_benchmarks/benchmarks/tinyimagenet_2024/vnnlib/TinyImageNet_resnet_medium_prop_idx_8684_sidx_9001_eps_0.0039.vnnlib,.005747616,unsat,70.192372113
tinyimagenet_2024,vnncomp2025_benchmarks/benchmarks/tinyimagenet_2024/onnx/TinyImageNet_resnet_medium.onnx,vnncomp2025_benchmarks/benchmarks/tinyimagenet_2024/vnnlib/TinyImageNet_resnet_medium_prop_idx_1706_sidx_4932_eps_0.0039.vnnlib,.005665865,unsat,56.163856980
tinyimagenet_2024,vnncomp2025_benchmarks/benchmarks/tinyimagenet_2024/onnx/TinyImageNet_resnet_medium.onnx,vnncomp2025_benchmarks/benchmarks/tinyimagenet_2024/vnnlib/TinyImageNet_resnet_medium_prop_idx_2755_sidx_193_eps_0.0039.vnnlib,.006033123,timeout,105.011218322
tinyimagenet_2024,vnncomp2025_benchmarks/benchmarks/tinyimagenet_2024/onnx/TinyImageNet_resnet_medium.onnx,vnncomp2025_benchmarks/benchmarks/tinyimagenet_2024/vnnlib/TinyImageNet_resnet_medium_prop_idx_9584_sidx_3691_eps_0.0039.vnnlib,.005768817,unsat,28.984646242
tinyimagenet_2024,vnncomp2025_benchmarks/benchmarks/tinyimagenet_2024/onnx/TinyImageNet_resnet_medium.onnx,vnncomp2025_benchmarks/benchmarks/tinyimagenet_2024/vnnlib/TinyImageNet_resnet_medium_prop_idx_9079_sidx_5823_eps_0.0039.vnnlib,.005855529,unsat,61.631164672
tinyimagenet_2024,vnncomp2025_benchmarks/benchmarks/tinyimagenet_2024/onnx/TinyImageNet_resnet_medium.onnx,vnncomp2025_benchmarks/benchmarks/tinyimagenet_2024/vnnlib/TinyImageNet_resnet_medium_prop_idx_1135_sidx_1928_eps_0.0039.vnnlib,.005839639,sat,15.978274481
tinyimagenet_2024,vnncomp2025_benchmarks/benchmarks/tinyimagenet_2024/onnx/TinyImageNet_resnet_medium.onnx,vnncomp2025_benchmarks/benchmarks/tinyimagenet_2024/vnnlib/TinyImageNet_resnet_medium_prop_idx_1359_sidx_7221_eps_0.0039.vnnlib,.005704476,unsat,52.428868760
tinyimagenet_2024,vnncomp2025_benchmarks/benchmarks/tinyimagenet_2024/onnx/TinyImageNet_resnet_medium.onnx,vnncomp2025_benchmarks/benchmarks/tinyimagenet_2024/vnnlib/TinyImageNet_resnet_medium_prop_idx_5683_sidx_1212_eps_0.0039.vnnlib,.005754387,unsat,59.929787271
tinyimagenet_2024,vnncomp2025_benchmarks/benchmarks/tinyimagenet_2024/onnx/TinyImageNet_resnet_medium.onnx,vnncomp2025_benchmarks/benchmarks/tinyimagenet_2024/vnnlib/TinyImageNet_resnet_medium_prop_idx_1615_sidx_1065_eps_0.0039.vnnlib,.005837018,sat,15.832077790
tinyimagenet_2024,vnncomp2025_benchmarks/benchmarks/tinyimagenet_2024/onnx/TinyImageNet_resnet_medium.onnx,vnncomp2025_benchmarks/benchmarks/tinyimagenet_2024/vnnlib/TinyImageNet_resnet_medium_prop_idx_288_sidx_5531_eps_0.0039.vnnlib,.005822488,unsat,28.063329810
tinyimagenet_2024,vnncomp2025_benchmarks/benchmarks/tinyimagenet_2024/onnx/TinyImageNet_resnet_medium.onnx,vnncomp2025_benchmarks/benchmarks/tinyimagenet_2024/vnnlib/TinyImageNet_resnet_medium_prop_idx_6546_sidx_3168_eps_0.0039.vnnlib,.005697876,timeout,104.976354936
tinyimagenet_2024,vnncomp2025_benchmarks/benchmarks/tinyimagenet_2024/onnx/TinyImageNet_resnet_medium.onnx,vnncomp2025_benchmarks/benchmarks/tinyimagenet_2024/vnnlib/TinyImageNet_resnet_medium_prop_idx_2475_sidx_523_eps_0.0039.vnnlib,.005783478,timeout,125.581959874
tinyimagenet_2024,vnncomp2025_benchmarks/benchmarks/tinyimagenet_2024/onnx/TinyImageNet_resnet_medium.onnx,vnncomp2025_benchmarks/benchmarks/tinyimagenet_2024/vnnlib/TinyImageNet_resnet_medium_prop_idx_9476_sidx_5602_eps_0.0039.vnnlib,.005719065,unsat,28.909839527
tinyimagenet_2024,vnncomp2025_benchmarks/benchmarks/tinyimagenet_2024/onnx/TinyImageNet_resnet_medium.onnx,vnncomp2025_benchmarks/benchmarks/tinyimagenet_2024/vnnlib/TinyImageNet_resnet_medium_prop_idx_3782_sidx_1103_eps_0.0039.vnnlib,.005643853,unsat,78.449522289
tinyimagenet_2024,vnncomp2025_benchmarks/benchmarks/tinyimagenet_2024/onnx/TinyImageNet_resnet_medium.onnx,vnncomp2025_benchmarks/benchmarks/tinyimagenet_2024/vnnlib/TinyImageNet_resnet_medium_prop_idx_4463_sidx_4146_eps_0.0039.vnnlib,.005619832,sat,15.664084197
tinyimagenet_2024,vnncomp2025_benchmarks/benchmarks/tinyimagenet_2024/onnx/TinyImageNet_resnet_medium.onnx,vnncomp2025_benchmarks/benchmarks/tinyimagenet_2024/vnnlib/TinyImageNet_resnet_medium_prop_idx_8257_sidx_5574_eps_0.0039.vnnlib,.005756205,unsat,59.366052038
tinyimagenet_2024,vnncomp2025_benchmarks/benchmarks/tinyimagenet_2024/onnx/TinyImageNet_resnet_medium.onnx,vnncomp2025_benchmarks/benchmarks/tinyimagenet_2024/vnnlib/TinyImageNet_resnet_medium_prop_idx_4438_sidx_6486_eps_0.0039.vnnlib,.005847015,unsat,28.144464215
tinyimagenet_2024,vnncomp2025_benchmarks/benchmarks/tinyimagenet_2024/onnx/TinyImageNet_resnet_medium.onnx,vnncomp2025_benchmarks/benchmarks/tinyimagenet_2024/vnnlib/TinyImageNet_resnet_medium_prop_idx_484_sidx_161_eps_0.0039.vnnlib,.005781124,unsat,71.417719706
tinyimagenet_2024,vnncomp2025_benchmarks/benchmarks/tinyimagenet_2024/onnx/TinyImageNet_resnet_medium.onnx,vnncomp2025_benchmarks/benchmarks/tinyimagenet_2024/vnnlib/TinyImageNet_resnet_medium_prop_idx_9611_sidx_7725_eps_0.0039.vnnlib,.005654002,unsat,46.527424145
tinyimagenet_2024,vnncomp2025_benchmarks/benchmarks/tinyimagenet_2024/onnx/TinyImageNet_resnet_medium.onnx,vnncomp2025_benchmarks/benchmarks/tinyimagenet_2024/vnnlib/TinyImageNet_resnet_medium_prop_idx_3429_sidx_4578_eps_0.0039.vnnlib,.005721683,timeout,105.171893266
tinyimagenet_2024,vnncomp2025_benchmarks/benchmarks/tinyimagenet_2024/onnx/TinyImageNet_resnet_medium.onnx,vnncomp2025_benchmarks/benchmarks/tinyimagenet_2024/vnnlib/TinyImageNet_resnet_medium_prop_idx_5685_sidx_8755_eps_0.0039.vnnlib,.005815465,unsat,27.137332371
tinyimagenet_2024,vnncomp2025_benchmarks/benchmarks/tinyimagenet_2024/onnx/TinyImageNet_resnet_medium.onnx,vnncomp2025_benchmarks/benchmarks/tinyimagenet_2024/vnnlib/TinyImageNet_resnet_medium_prop_idx_5257_sidx_5727_eps_0.0039.vnnlib,.005607031,unsat,63.417257454
tinyimagenet_2024,vnncomp2025_benchmarks/benchmarks/tinyimagenet_2024/onnx/TinyImageNet_resnet_medium.onnx,vnncomp2025_benchmarks/benchmarks/tinyimagenet_2024/vnnlib/TinyImageNet_resnet_medium_prop_idx_9437_sidx_5480_eps_0.0039.vnnlib,.005662732,sat,15.950151331
tinyimagenet_2024,vnncomp2025_benchmarks/benchmarks/tinyimagenet_2024/onnx/TinyImageNet_resnet_medium.onnx,vnncomp2025_benchmarks/benchmarks/tinyimagenet_2024/vnnlib/TinyImageNet_resnet_medium_prop_idx_4500_sidx_6717_eps_0.0039.vnnlib,.005734354,unsat,58.087863041
tinyimagenet_2024,vnncomp2025_benchmarks/benchmarks/tinyimagenet_2024/onnx/TinyImageNet_resnet_medium.onnx,vnncomp2025_benchmarks/benchmarks/tinyimagenet_2024/vnnlib/TinyImageNet_resnet_medium_prop_idx_4871_sidx_7562_eps_0.0039.vnnlib,.006115232,unsat,48.492691318
tinyimagenet_2024,vnncomp2025_benchmarks/benchmarks/tinyimagenet_2024/onnx/TinyImageNet_resnet_medium.onnx,vnncomp2025_benchmarks/benchmarks/tinyimagenet_2024/vnnlib/TinyImageNet_resnet_medium_prop_idx_2210_sidx_992_eps_0.0039.vnnlib,.005694093,unsat,29.168892845
tinyimagenet_2024,vnncomp2025_benchmarks/benchmarks/tinyimagenet_2024/onnx/TinyImageNet_resnet_medium.onnx,vnncomp2025_benchmarks/benchmarks/tinyimagenet_2024/vnnlib/TinyImageNet_resnet_medium_prop_idx_1651_sidx_3548_eps_0.0039.vnnlib,.005901677,timeout,105.657256551
tinyimagenet_2024,vnncomp2025_benchmarks/benchmarks/tinyimagenet_2024/onnx/TinyImageNet_resnet_medium.onnx,vnncomp2025_benchmarks/benchmarks/tinyimagenet_2024/vnnlib/TinyImageNet_resnet_medium_prop_idx_7183_sidx_4731_eps_0.0039.vnnlib,.005771294,unsat,101.122028092
tinyimagenet_2024,vnncomp2025_benchmarks/benchmarks/tinyimagenet_2024/onnx/TinyImageNet_resnet_medium.onnx,vnncomp2025_benchmarks/benchmarks/tinyimagenet_2024/vnnlib/TinyImageNet_resnet_medium_prop_idx_647_sidx_9608_eps_0.0039.vnnlib,.005681413,unsat,30.231321055
tinyimagenet_2024,vnncomp2025_benchmarks/benchmarks/tinyimagenet_2024/onnx/TinyImageNet_resnet_medium.onnx,vnncomp2025_benchmarks/benchmarks/tinyimagenet_2024/vnnlib/TinyImageNet_resnet_medium_prop_idx_9992_sidx_5063_eps_0.0039.vnnlib,.005690043,sat,15.563667638
tinyimagenet_2024,vnncomp2025_benchmarks/benchmarks/tinyimagenet_2024/onnx/TinyImageNet_resnet_medium.onnx,vnncomp2025_benchmarks/benchmarks/tinyimagenet_2024/vnnlib/TinyImageNet_resnet_medium_prop_idx_3543_sidx_5527_eps_0.0039.vnnlib,.005763344,sat,15.997933225
tinyimagenet_2024,vnncomp2025_benchmarks/benchmarks/tinyimagenet_2024/onnx/TinyImageNet_resnet_medium.onnx,vnncomp2025_benchmarks/benchmarks/tinyimagenet_2024/vnnlib/TinyImageNet_resnet_medium_prop_idx_2045_sidx_7367_eps_0.0039.vnnlib,.005641561,unsat,48.743377772
tinyimagenet_2024,vnncomp2025_benchmarks/benchmarks/tinyimagenet_2024/onnx/TinyImageNet_resnet_medium.onnx,vnncomp2025_benchmarks/benchmarks/tinyimagenet_2024/vnnlib/TinyImageNet_resnet_medium_prop_idx_7542_sidx_9873_eps_0.0039.vnnlib,.005663982,timeout,104.761157496
tinyimagenet_2024,vnncomp2025_benchmarks/benchmarks/tinyimagenet_2024/onnx/TinyImageNet_resnet_medium.onnx,vnncomp2025_benchmarks/benchmarks/tinyimagenet_2024/vnnlib/TinyImageNet_resnet_medium_prop_idx_5743_sidx_6569_eps_0.0039.vnnlib,.005633811,unsat,43.019535155
tinyimagenet_2024,vnncomp2025_benchmarks/benchmarks/tinyimagenet_2024/onnx/TinyImageNet_resnet_medium.onnx,vnncomp2025_benchmarks/benchmarks/tinyimagenet_2024/vnnlib/TinyImageNet_resnet_medium_prop_idx_5427_sidx_8226_eps_0.0039.vnnlib,.005703413,timeout,105.033204966
tinyimagenet_2024,vnncomp2025_benchmarks/benchmarks/tinyimagenet_2024/onnx/TinyImageNet_resnet_medium.onnx,vnncomp2025_benchmarks/benchmarks/tinyimagenet_2024/vnnlib/TinyImageNet_resnet_medium_prop_idx_1496_sidx_9465_eps_0.0039.vnnlib,.005735594,unsat,41.657969006
tinyimagenet_2024,vnncomp2025_benchmarks/benchmarks/tinyimagenet_2024/onnx/TinyImageNet_resnet_medium.onnx,vnncomp2025_benchmarks/benchmarks/tinyimagenet_2024/vnnlib/TinyImageNet_resnet_medium_prop_idx_600_sidx_4087_eps_0.0039.vnnlib,.005698373,sat,15.593546489
tinyimagenet_2024,vnncomp2025_benchmarks/benchmarks/tinyimagenet_2024/onnx/TinyImageNet_resnet_medium.onnx,vnncomp2025_benchmarks/benchmarks/tinyimagenet_2024/vnnlib/TinyImageNet_resnet_medium_prop_idx_6618_sidx_5022_eps_0.0039.vnnlib,.005881237,unsat,31.365377361
tinyimagenet_2024,vnncomp2025_benchmarks/benchmarks/tinyimagenet_2024/onnx/TinyImageNet_resnet_medium.onnx,vnncomp2025_benchmarks/benchmarks/tinyimagenet_2024/vnnlib/TinyImageNet_resnet_medium_prop_idx_6036_sidx_4672_eps_0.0039.vnnlib,.005678763,sat,15.748619174
tinyimagenet_2024,vnncomp2025_benchmarks/benchmarks/tinyimagenet_2024/onnx/TinyImageNet_resnet_medium.onnx,vnncomp2025_benchmarks/benchmarks/tinyimagenet_2024/vnnlib/TinyImageNet_resnet_medium_prop_idx_3375_sidx_5824_eps_0.0039.vnnlib,.005717343,timeout,117.858146767
tinyimagenet_2024,vnncomp2025_benchmarks/benchmarks/tinyimagenet_2024/onnx/TinyImageNet_resnet_medium.onnx,vnncomp2025_benchmarks/benchmarks/tinyimagenet_2024/vnnlib/TinyImageNet_resnet_medium_prop_idx_4327_sidx_7050_eps_0.0039.vnnlib,.005841166,unsat,46.036112874
tinyimagenet_2024,vnncomp2025_benchmarks/benchmarks/tinyimagenet_2024/onnx/TinyImageNet_resnet_medium.onnx,vnncomp2025_benchmarks/benchmarks/tinyimagenet_2024/vnnlib/TinyImageNet_resnet_medium_prop_idx_4171_sidx_705_eps_0.0039.vnnlib,.005744864,sat,15.868269289
tinyimagenet_2024,vnncomp2025_benchmarks/benchmarks/tinyimagenet_2024/onnx/TinyImageNet_resnet_medium.onnx,vnncomp2025_benchmarks/benchmarks/tinyimagenet_2024/vnnlib/TinyImageNet_resnet_medium_prop_idx_3677_sidx_3123_eps_0.0039.vnnlib,.005709933,unsat,62.587578607
tinyimagenet_2024,vnncomp2025_benchmarks/benchmarks/tinyimagenet_2024/onnx/TinyImageNet_resnet_medium.onnx,vnncomp2025_benchmarks/benchmarks/tinyimagenet_2024/vnnlib/TinyImageNet_resnet_medium_prop_idx_1093_sidx_4490_eps_0.0039.vnnlib,.005727893,timeout,131.419588709
tinyimagenet_2024,vnncomp2025_benchmarks/benchmarks/tinyimagenet_2024/onnx/TinyImageNet_resnet_medium.onnx,vnncomp2025_benchmarks/benchmarks/tinyimagenet_2024/vnnlib/TinyImageNet_resnet_medium_prop_idx_7473_sidx_6046_eps_0.0039.vnnlib,.005660532,unsat,24.413142229
tinyimagenet_2024,vnncomp2025_benchmarks/benchmarks/tinyimagenet_2024/onnx/TinyImageNet_resnet_medium.onnx,vnncomp2025_benchmarks/benchmarks/tinyimagenet_2024/vnnlib/TinyImageNet_resnet_medium_prop_idx_6049_sidx_4719_eps_0.0039.vnnlib,.005625831,sat,15.918594761
tinyimagenet_2024,vnncomp2025_benchmarks/benchmarks/tinyimagenet_2024/onnx/TinyImageNet_resnet_medium.onnx,vnncomp2025_benchmarks/benchmarks/tinyimagenet_2024/vnnlib/TinyImageNet_resnet_medium_prop_idx_7525_sidx_3725_eps_0.0039.vnnlib,.005658452,timeout,138.094383163
tinyimagenet_2024,vnncomp2025_benchmarks/benchmarks/tinyimagenet_2024/onnx/TinyImageNet_resnet_medium.onnx,vnncomp2025_benchmarks/benchmarks/tinyimagenet_2024/vnnlib/TinyImageNet_resnet_medium_prop_idx_9729_sidx_1662_eps_0.0039.vnnlib,.005856686,unsat,29.178724581
tinyimagenet_2024,vnncomp2025_benchmarks/benchmarks/tinyimagenet_2024/onnx/TinyImageNet_resnet_medium.onnx,vnncomp2025_benchmarks/benchmarks/tinyimagenet_2024/vnnlib/TinyImageNet_resnet_medium_prop_idx_6412_sidx_6140_eps_0.0039.vnnlib,.005732794,unsat,85.071142167
tinyimagenet_2024,vnncomp2025_benchmarks/benchmarks/tinyimagenet_2024/onnx/TinyImageNet_resnet_medium.onnx,vnncomp2025_benchmarks/benchmarks/tinyimagenet_2024/vnnlib/TinyImageNet_resnet_medium_prop_idx_1024_sidx_5112_eps_0.0039.vnnlib,.005785456,sat,16.179866759
tinyimagenet_2024,vnncomp2025_benchmarks/benchmarks/tinyimagenet_2024/onnx/TinyImageNet_resnet_medium.onnx,vnncomp2025_benchmarks/benchmarks/tinyimagenet_2024/vnnlib/TinyImageNet_resnet_medium_prop_idx_5634_sidx_9441_eps_0.0039.vnnlib,.005657293,unsat,29.725826898
tinyimagenet_2024,vnncomp2025_benchmarks/benchmarks/tinyimagenet_2024/onnx/TinyImageNet_resnet_medium.onnx,vnncomp2025_benchmarks/benchmarks/tinyimagenet_2024/vnnlib/TinyImageNet_resnet_medium_prop_idx_4004_sidx_9594_eps_0.0039.vnnlib,.005733465,unsat,40.582658721
tinyimagenet_2024,vnncomp2025_benchmarks/benchmarks/tinyimagenet_2024/onnx/TinyImageNet_resnet_medium.onnx,vnncomp2025_benchmarks/benchmarks/tinyimagenet_2024/vnnlib/TinyImageNet_resnet_medium_prop_idx_6628_sidx_8822_eps_0.0039.vnnlib,.005719395,timeout,120.464966547
tinyimagenet_2024,vnncomp2025_benchmarks/benchmarks/tinyimagenet_2024/onnx/TinyImageNet_resnet_medium.onnx,vnncomp2025_benchmarks/benchmarks/tinyimagenet_2024/vnnlib/TinyImageNet_resnet_medium_prop_idx_9025_sidx_9203_eps_0.0039.vnnlib,.005826176,sat,15.655516020
tinyimagenet_2024,vnncomp2025_benchmarks/benchmarks/tinyimagenet_2024/onnx/TinyImageNet_resnet_medium.onnx,vnncomp2025_benchmarks/benchmarks/tinyimagenet_2024/vnnlib/TinyImageNet_resnet_medium_prop_idx_2798_sidx_4910_eps_0.0039.vnnlib,.005633332,unsat,55.624105533
tinyimagenet_2024,vnncomp2025_benchmarks/benchmarks/tinyimagenet_2024/onnx/TinyImageNet_resnet_medium.onnx,vnncomp2025_benchmarks/benchmarks/tinyimagenet_2024/vnnlib/TinyImageNet_resnet_medium_prop_idx_4776_sidx_19_eps_0.0039.vnnlib,.005717664,unsat,27.510484616
tinyimagenet_2024,vnncomp2025_benchmarks/benchmarks/tinyimagenet_2024/onnx/TinyImageNet_resnet_medium.onnx,vnncomp2025_benchmarks/benchmarks/tinyimagenet_2024/vnnlib/TinyImageNet_resnet_medium_prop_idx_7152_sidx_4185_eps_0.0039.vnnlib,.005717394,unsat,92.470689135
tinyimagenet_2024,vnncomp2025_benchmarks/benchmarks/tinyimagenet_2024/onnx/TinyImageNet_resnet_medium.onnx,vnncomp2025_benchmarks/benchmarks/tinyimagenet_2024/vnnlib/TinyImageNet_resnet_medium_prop_idx_9656_sidx_451_eps_0.0039.vnnlib,.005699694,unsat,32.149838896
tinyimagenet_2024,vnncomp2025_benchmarks/benchmarks/tinyimagenet_2024/onnx/TinyImageNet_resnet_medium.onnx,vnncomp2025_benchmarks/benchmarks/tinyimagenet_2024/vnnlib/TinyImageNet_resnet_medium_prop_idx_4244_sidx_8624_eps_0.0039.vnnlib,.005823115,unsat,45.331319914
tinyimagenet_2024,vnncomp2025_benchmarks/benchmarks/tinyimagenet_2024/onnx/TinyImageNet_resnet_medium.onnx,vnncomp2025_benchmarks/benchmarks/tinyimagenet_2024/vnnlib/TinyImageNet_resnet_medium_prop_idx_4599_sidx_738_eps_0.0039.vnnlib,.005867466,timeout,106.692175149
tinyimagenet_2024,vnncomp2025_benchmarks/benchmarks/tinyimagenet_2024/onnx/TinyImageNet_resnet_medium.onnx,vnncomp2025_benchmarks/benchmarks/tinyimagenet_2024/vnnlib/TinyImageNet_resnet_medium_prop_idx_7749_sidx_8253_eps_0.0039.vnnlib,.005757641,unsat,27.970065356
tinyimagenet_2024,vnncomp2025_benchmarks/benchmarks/tinyimagenet_2024/onnx/TinyImageNet_resnet_medium.onnx,vnncomp2025_benchmarks/benchmarks/tinyimagenet_2024/vnnlib/TinyImageNet_resnet_medium_prop_idx_8310_sidx_4525_eps_0.0039.vnnlib,.005628919,sat,15.784122735
tinyimagenet_2024,vnncomp2025_benchmarks/benchmarks/tinyimagenet_2024/onnx/TinyImageNet_resnet_medium.onnx,vnncomp2025_benchmarks/benchmarks/tinyimagenet_2024/vnnlib/TinyImageNet_resnet_medium_prop_idx_3328_sidx_278_eps_0.0039.vnnlib,.005699172,unsat,43.811046195
tinyimagenet_2024,vnncomp2025_benchmarks/benchmarks/tinyimagenet_2024/onnx/TinyImageNet_resnet_medium.onnx,vnncomp2025_benchmarks/benchmarks/tinyimagenet_2024/vnnlib/TinyImageNet_resnet_medium_prop_idx_6228_sidx_7979_eps_0.0039.vnnlib,.005693112,sat,15.748388367
tinyimagenet_2024,vnncomp2025_benchmarks/benchmarks/tinyimagenet_2024/onnx/TinyImageNet_resnet_medium.onnx,vnncomp2025_benchmarks/benchmarks/tinyimagenet_2024/vnnlib/TinyImageNet_resnet_medium_prop_idx_7847_sidx_9927_eps_0.0039.vnnlib,.005825184,unsat,52.341182179
tinyimagenet_2024,vnncomp2025_benchmarks/benchmarks/tinyimagenet_2024/onnx/TinyImageNet_resnet_medium.onnx,vnncomp2025_benchmarks/benchmarks/tinyimagenet_2024/vnnlib/TinyImageNet_resnet_medium_prop_idx_8756_sidx_3958_eps_0.0039.vnnlib,.005815495,unsat,51.685118501
tinyimagenet_2024,vnncomp2025_benchmarks/benchmarks/tinyimagenet_2024/onnx/TinyImageNet_resnet_medium.onnx,vnncomp2025_benchmarks/benchmarks/tinyimagenet_2024/vnnlib/TinyImageNet_resnet_medium_prop_idx_2511_sidx_5059_eps_0.0039.vnnlib,.005841735,sat,15.527259087
tinyimagenet_2024,vnncomp2025_benchmarks/benchmarks/tinyimagenet_2024/onnx/TinyImageNet_resnet_medium.onnx,vnncomp2025_benchmarks/benchmarks/tinyimagenet_2024/vnnlib/TinyImageNet_resnet_medium_prop_idx_2575_sidx_1066_eps_0.0039.vnnlib,.005653491,unsat,95.597749934
tinyimagenet_2024,vnncomp2025_benchmarks/benchmarks/tinyimagenet_2024/onnx/TinyImageNet_resnet_medium.onnx,vnncomp2025_benchmarks/benchmarks/tinyimagenet_2024/vnnlib/TinyImageNet_resnet_medium_prop_idx_3574_sidx_9710_eps_0.0039.vnnlib,.005830695,timeout,104.493987873
tinyimagenet_2024,vnncomp2025_benchmarks/benchmarks/tinyimagenet_2024/onnx/TinyImageNet_resnet_medium.onnx,vnncomp2025_benchmarks/benchmarks/tinyimagenet_2024/vnnlib/TinyImageNet_resnet_medium_prop_idx_3437_sidx_2708_eps_0.0039.vnnlib,.005793764,sat,28.896258767
tinyimagenet_2024,vnncomp2025_benchmarks/benchmarks/tinyimagenet_2024/onnx/TinyImageNet_resnet_medium.onnx,vnncomp2025_benchmarks/benchmarks/tinyimagenet_2024/vnnlib/TinyImageNet_resnet_medium_prop_idx_4024_sidx_4810_eps_0.0039.vnnlib,.005748693,timeout,110.264111197
tinyimagenet_2024,vnncomp2025_benchmarks/benchmarks/tinyimagenet_2024/onnx/TinyImageNet_resnet_medium.onnx,vnncomp2025_benchmarks/benchmarks/tinyimagenet_2024/vnnlib/TinyImageNet_resnet_medium_prop_idx_8698_sidx_4012_eps_0.0039.vnnlib,.005691818,timeout,104.838823731
tinyimagenet_2024,vnncomp2025_benchmarks/benchmarks/tinyimagenet_2024/onnx/TinyImageNet_resnet_medium.onnx,vnncomp2025_benchmarks/benchmarks/tinyimagenet_2024/vnnlib/TinyImageNet_resnet_medium_prop_idx_4674_sidx_6718_eps_0.0039.vnnlib,.005769862,unsat,46.875614146
tinyimagenet_2024,vnncomp2025_benchmarks/benchmarks/tinyimagenet_2024/onnx/TinyImageNet_resnet_medium.onnx,vnncomp2025_benchmarks/benchmarks/tinyimagenet_2024/vnnlib/TinyImageNet_resnet_medium_prop_idx_9569_sidx_8561_eps_0.0039.vnnlib,.005762633,timeout,105.884360780
tinyimagenet_2024,vnncomp2025_benchmarks/benchmarks/tinyimagenet_2024/onnx/TinyImageNet_resnet_medium.onnx,vnncomp2025_benchmarks/benchmarks/tinyimagenet_2024/vnnlib/TinyImageNet_resnet_medium_prop_idx_3533_sidx_4891_eps_0.0039.vnnlib,.005758270,timeout,108.640878752
tinyimagenet_2024,vnncomp2025_benchmarks/benchmarks/tinyimagenet_2024/onnx/TinyImageNet_resnet_medium.onnx,vnncomp2025_benchmarks/benchmarks/tinyimagenet_2024/vnnlib/TinyImageNet_resnet_medium_prop_idx_5129_sidx_3656_eps_0.0039.vnnlib,.005750512,unsat,28.046153104
tinyimagenet_2024,vnncomp2025_benchmarks/benchmarks/tinyimagenet_2024/onnx/TinyImageNet_resnet_medium.onnx,vnncomp2025_benchmarks/benchmarks/tinyimagenet_2024/vnnlib/TinyImageNet_resnet_medium_prop_idx_4686_sidx_8792_eps_0.0039.vnnlib,.005689050,unsat,71.190789963
tinyimagenet_2024,vnncomp2025_benchmarks/benchmarks/tinyimagenet_2024/onnx/TinyImageNet_resnet_medium.onnx,vnncomp2025_benchmarks/benchmarks/tinyimagenet_2024/vnnlib/TinyImageNet_resnet_medium_prop_idx_4869_sidx_6523_eps_0.0039.vnnlib,.005734361,unsat,69.058130083
tinyimagenet_2024,vnncomp2025_benchmarks/benchmarks/tinyimagenet_2024/onnx/TinyImageNet_resnet_medium.onnx,vnncomp2025_benchmarks/benchmarks/tinyimagenet_2024/vnnlib/TinyImageNet_resnet_medium_prop_idx_8651_sidx_6574_eps_0.0039.vnnlib,.005606558,unsat,54.976178327
tinyimagenet_2024,vnncomp2025_benchmarks/benchmarks/tinyimagenet_2024/onnx/TinyImageNet_resnet_medium.onnx,vnncomp2025_benchmarks/benchmarks/tinyimagenet_2024/vnnlib/TinyImageNet_resnet_medium_prop_idx_4225_sidx_3038_eps_0.0039.vnnlib,.005763211,sat,15.864152172
tinyimagenet_2024,vnncomp2025_benchmarks/benchmarks/tinyimagenet_2024/onnx/TinyImageNet_resnet_medium.onnx,vnncomp2025_benchmarks/benchmarks/tinyimagenet_2024/vnnlib/TinyImageNet_resnet_medium_prop_idx_1718_sidx_4924_eps_0.0039.vnnlib,.005765822,timeout,110.896106067
tinyimagenet_2024,vnncomp2025_benchmarks/benchmarks/tinyimagenet_2024/onnx/TinyImageNet_resnet_medium.onnx,vnncomp2025_benchmarks/benchmarks/tinyimagenet_2024/vnnlib/TinyImageNet_resnet_medium_prop_idx_6957_sidx_1178_eps_0.0039.vnnlib,.005736490,timeout,105.175291122
tinyimagenet_2024,vnncomp2025_benchmarks/benchmarks/tinyimagenet_2024/onnx/TinyImageNet_resnet_medium.onnx,vnncomp2025_benchmarks/benchmarks/tinyimagenet_2024/vnnlib/TinyImageNet_resnet_medium_prop_idx_7209_sidx_9753_eps_0.0039.vnnlib,.005714230,unsat,42.776972448
tinyimagenet_2024,vnncomp2025_benchmarks/benchmarks/tinyimagenet_2024/onnx/TinyImageNet_resnet_medium.onnx,vnncomp2025_benchmarks/benchmarks/tinyimagenet_2024/vnnlib/TinyImageNet_resnet_medium_prop_idx_4867_sidx_5259_eps_0.0039.vnnlib,.005771001,timeout,118.154127438
tinyimagenet_2024,vnncomp2025_benchmarks/benchmarks/tinyimagenet_2024/onnx/TinyImageNet_resnet_medium.onnx,vnncomp2025_benchmarks/benchmarks/tinyimagenet_2024/vnnlib/TinyImageNet_resnet_medium_prop_idx_140_sidx_7259_eps_0.0039.vnnlib,.005670289,sat,16.164374564
tinyimagenet_2024,vnncomp2025_benchmarks/benchmarks/tinyimagenet_2024/onnx/TinyImageNet_resnet_medium.onnx,vnncomp2025_benchmarks/benchmarks/tinyimagenet_2024/vnnlib/TinyImageNet_resnet_medium_prop_idx_8042_sidx_9227_eps_0.0039.vnnlib,.005791238,unsat,53.140302225
tinyimagenet_2024,vnncomp2025_benchmarks/benchmarks/tinyimagenet_2024/onnx/TinyImageNet_resnet_medium.onnx,vnncomp2025_benchmarks/benchmarks/tinyimagenet_2024/vnnlib/TinyImageNet_resnet_medium_prop_idx_216_sidx_6006_eps_0.0039.vnnlib,.005743170,timeout,120.313989195
tinyimagenet_2024,vnncomp2025_benchmarks/benchmarks/tinyimagenet_2024/onnx/TinyImageNet_resnet_medium.onnx,vnncomp2025_benchmarks/benchmarks/tinyimagenet_2024/vnnlib/TinyImageNet_resnet_medium_prop_idx_580_sidx_8894_eps_0.0039.vnnlib,.005668389,unsat,29.532717605
tinyimagenet_2024,vnncomp2025_benchmarks/benchmarks/tinyimagenet_2024/onnx/TinyImageNet_resnet_medium.onnx,vnncomp2025_benchmarks/benchmarks/tinyimagenet_2024/vnnlib/TinyImageNet_resnet_medium_prop_idx_6458_sidx_4978_eps_0.0039.vnnlib,.005771941,unsat,46.171082018
tinyimagenet_2024,vnncomp2025_benchmarks/benchmarks/tinyimagenet_2024/onnx/TinyImageNet_resnet_medium.onnx,vnncomp2025_benchmarks/benchmarks/tinyimagenet_2024/vnnlib/TinyImageNet_resnet_medium_prop_idx_291_sidx_2370_eps_0.0039.vnnlib,.005649368,unsat,43.238087111
tinyimagenet_2024,vnncomp2025_benchmarks/benchmarks/tinyimagenet_2024/onnx/TinyImageNet_resnet_medium.onnx,vnncomp2025_benchmarks/benchmarks/tinyimagenet_2024/vnnlib/TinyImageNet_resnet_medium_prop_idx_62_sidx_313_eps_0.0039.vnnlib,.005702679,timeout,108.386449940
tinyimagenet_2024,vnncomp2025_benchmarks/benchmarks/tinyimagenet_2024/onnx/TinyImageNet_resnet_medium.onnx,vnncomp2025_benchmarks/benchmarks/tinyimagenet_2024/vnnlib/TinyImageNet_resnet_medium_prop_idx_9875_sidx_1510_eps_0.0039.vnnlib,.005704519,unsat,49.863741023
tinyimagenet_2024,vnncomp2025_benchmarks/benchmarks/tinyimagenet_2024/onnx/TinyImageNet_resnet_medium.onnx,vnncomp2025_benchmarks/benchmarks/tinyimagenet_2024/vnnlib/TinyImageNet_resnet_medium_prop_idx_4944_sidx_932_eps_0.0039.vnnlib,.005761770,sat,15.654324652
tinyimagenet_2024,vnncomp2025_benchmarks/benchmarks/tinyimagenet_2024/onnx/TinyImageNet_resnet_medium.onnx,vnncomp2025_benchmarks/benchmarks/tinyimagenet_2024/vnnlib/TinyImageNet_resnet_medium_prop_idx_4528_sidx_911_eps_0.0039.vnnlib,.005824442,unsat,40.885541475
tinyimagenet_2024,vnncomp2025_benchmarks/benchmarks/tinyimagenet_2024/onnx/TinyImageNet_resnet_medium.onnx,vnncomp2025_benchmarks/benchmarks/tinyimagenet_2024/vnnlib/TinyImageNet_resnet_medium_prop_idx_7689_sidx_3205_eps_0.0039.vnnlib,.005728259,unsat,65.306374665
tinyimagenet_2024,vnncomp2025_benchmarks/benchmarks/tinyimagenet_2024/onnx/TinyImageNet_resnet_medium.onnx,vnncomp2025_benchmarks/benchmarks/tinyimagenet_2024/vnnlib/TinyImageNet_resnet_medium_prop_idx_3558_sidx_7280_eps_0.0039.vnnlib,.005804891,unsat,52.924929348
tinyimagenet_2024,vnncomp2025_benchmarks/benchmarks/tinyimagenet_2024/onnx/TinyImageNet_resnet_medium.onnx,vnncomp2025_benchmarks/benchmarks/tinyimagenet_2024/vnnlib/TinyImageNet_resnet_medium_prop_idx_7277_sidx_8835_eps_0.0039.vnnlib,.005596757,sat,16.053778232
tinyimagenet_2024,vnncomp2025_benchmarks/benchmarks/tinyimagenet_2024/onnx/TinyImageNet_resnet_medium.onnx,vnncomp2025_benchmarks/benchmarks/tinyimagenet_2024/vnnlib/TinyImageNet_resnet_medium_prop_idx_7946_sidx_1068_eps_0.0039.vnnlib,.005747030,unsat,31.252690627
tinyimagenet_2024,vnncomp2025_benchmarks/benchmarks/tinyimagenet_2024/onnx/TinyImageNet_resnet_medium.onnx,vnncomp2025_benchmarks/benchmarks/tinyimagenet_2024/vnnlib/TinyImageNet_resnet_medium_prop_idx_7889_sidx_4249_eps_0.0039.vnnlib,.005661569,timeout,112.779345095
tinyimagenet_2024,vnncomp2025_benchmarks/benchmarks/tinyimagenet_2024/onnx/TinyImageNet_resnet_medium.onnx,vnncomp2025_benchmarks/benchmarks/tinyimagenet_2024/vnnlib/TinyImageNet_resnet_medium_prop_idx_7600_sidx_1132_eps_0.0039.vnnlib,.005863194,unsat,78.461391731
tinyimagenet_2024,vnncomp2025_benchmarks/benchmarks/tinyimagenet_2024/onnx/TinyImageNet_resnet_medium.onnx,vnncomp2025_benchmarks/benchmarks/tinyimagenet_2024/vnnlib/TinyImageNet_resnet_medium_prop_idx_259_sidx_1412_eps_0.0039.vnnlib,.005828313,unsat,27.774540032
tinyimagenet_2024,vnncomp2025_benchmarks/benchmarks/tinyimagenet_2024/onnx/TinyImageNet_resnet_medium.onnx,vnncomp2025_benchmarks/benchmarks/tinyimagenet_2024/vnnlib/TinyImageNet_resnet_medium_prop_idx_683_sidx_2348_eps_0.0039.vnnlib,.005725040,sat,15.840419311
tinyimagenet_2024,vnncomp2025_benchmarks/benchmarks/tinyimagenet_2024/onnx/TinyImageNet_resnet_medium.onnx,vnncomp2025_benchmarks/benchmarks/tinyimagenet_2024/vnnlib/TinyImageNet_resnet_medium_prop_idx_9940_sidx_5174_eps_0.0039.vnnlib,.005763241,unsat,35.450061781
tinyimagenet_2024,vnncomp2025_benchmarks/benchmarks/tinyimagenet_2024/onnx/TinyImageNet_resnet_medium.onnx,vnncomp2025_benchmarks/benchmarks/tinyimagenet_2024/vnnlib/TinyImageNet_resnet_medium_prop_idx_164_sidx_1090_eps_0.0039.vnnlib,.005655309,unsat,53.950872697
tinyimagenet_2024,vnncomp2025_benchmarks/benchmarks/tinyimagenet_2024/onnx/TinyImageNet_resnet_medium.onnx,vnncomp2025_benchmarks/benchmarks/tinyimagenet_2024/vnnlib/TinyImageNet_resnet_medium_prop_idx_8372_sidx_8419_eps_0.0039.vnnlib,.005674510,unsat,76.234402039
tinyimagenet_2024,vnncomp2025_benchmarks/benchmarks/tinyimagenet_2024/onnx/TinyImageNet_resnet_medium.onnx,vnncomp2025_benchmarks/benchmarks/tinyimagenet_2024/vnnlib/TinyImageNet_resnet_medium_prop_idx_7403_sidx_8686_eps_0.0039.vnnlib,.005828884,unsat,43.456412753
tinyimagenet_2024,vnncomp2025_benchmarks/benchmarks/tinyimagenet_2024/onnx/TinyImageNet_resnet_medium.onnx,vnncomp2025_benchmarks/benchmarks/tinyimagenet_2024/vnnlib/TinyImageNet_resnet_medium_prop_idx_9600_sidx_3536_eps_0.0039.vnnlib,.005744671,unsat,70.907575926
tinyimagenet_2024,vnncomp2025_benchmarks/benchmarks/tinyimagenet_2024/onnx/TinyImageNet_resnet_medium.onnx,vnncomp2025_benchmarks/benchmarks/tinyimagenet_2024/vnnlib/TinyImageNet_resnet_medium_prop_idx_7390_sidx_2694_eps_0.0039.vnnlib,.005748731,timeout,120.548854796
tinyimagenet_2024,vnncomp2025_benchmarks/benchmarks/tinyimagenet_2024/onnx/TinyImageNet_resnet_medium.onnx,vnncomp2025_benchmarks/benchmarks/tinyimagenet_2024/vnnlib/TinyImageNet_resnet_medium_prop_idx_3115_sidx_671_eps_0.0039.vnnlib,.005785042,unsat,51.623812701
tinyimagenet_2024,vnncomp2025_benchmarks/benchmarks/tinyimagenet_2024/onnx/TinyImageNet_resnet_medium.onnx,vnncomp2025_benchmarks/benchmarks/tinyimagenet_2024/vnnlib/TinyImageNet_resnet_medium_prop_idx_4472_sidx_9477_eps_0.0039.vnnlib,.005734390,unsat,86.387551354
tinyimagenet_2024,vnncomp2025_benchmarks/benchmarks/tinyimagenet_2024/onnx/TinyImageNet_resnet_medium.onnx,vnncomp2025_benchmarks/benchmarks/tinyimagenet_2024/vnnlib/TinyImageNet_resnet_medium_prop_idx_7575_sidx_6502_eps_0.0039.vnnlib,.005718730,unsat,65.068198249
tinyimagenet_2024,vnncomp2025_benchmarks/benchmarks/tinyimagenet_2024/onnx/TinyImageNet_resnet_medium.onnx,vnncomp2025_benchmarks/benchmarks/tinyimagenet_2024/vnnlib/TinyImageNet_resnet_medium_prop_idx_8472_sidx_7499_eps_0.0039.vnnlib,.005742776,unsat,67.095281643
tinyimagenet_2024,vnncomp2025_benchmarks/benchmarks/tinyimagenet_2024/onnx/TinyImageNet_resnet_medium.onnx,vnncomp2025_benchmarks/benchmarks/tinyimagenet_2024/vnnlib/TinyImageNet_resnet_medium_prop_idx_7883_sidx_4184_eps_0.0039.vnnlib,.005688049,unsat,40.651869921
tinyimagenet_2024,vnncomp2025_benchmarks/benchmarks/tinyimagenet_2024/onnx/TinyImageNet_resnet_medium.onnx,vnncomp2025_benchmarks/benchmarks/tinyimagenet_2024/vnnlib/TinyImageNet_resnet_medium_prop_idx_6679_sidx_8279_eps_0.0039.vnnlib,.005714809,unsat,51.601077105
tinyimagenet_2024,vnncomp2025_benchmarks/benchmarks/tinyimagenet_2024/onnx/TinyImageNet_resnet_medium.onnx,vnncomp2025_benchmarks/benchmarks/tinyimagenet_2024/vnnlib/TinyImageNet_resnet_medium_prop_idx_7762_sidx_3616_eps_0.0039.vnnlib,.005730060,unsat,69.844583101
tinyimagenet_2024,vnncomp2025_benchmarks/benchmarks/tinyimagenet_2024/onnx/TinyImageNet_resnet_medium.onnx,vnncomp2025_benchmarks/benchmarks/tinyimagenet_2024/vnnlib/TinyImageNet_resnet_medium_prop_idx_7538_sidx_5076_eps_0.0039.vnnlib,.005606137,timeout,114.719832005
tinyimagenet_2024,vnncomp2025_benchmarks/benchmarks/tinyimagenet_2024/onnx/TinyImageNet_resnet_medium.onnx,vnncomp2025_benchmarks/benchmarks/tinyimagenet_2024/vnnlib/TinyImageNet_resnet_medium_prop_idx_4513_sidx_5588_eps_0.0039.vnnlib,.005964105,unsat,59.799182364
tinyimagenet_2024,vnncomp2025_benchmarks/benchmarks/tinyimagenet_2024/onnx/TinyImageNet_resnet_medium.onnx,vnncomp2025_benchmarks/benchmarks/tinyimagenet_2024/vnnlib/TinyImageNet_resnet_medium_prop_idx_3110_sidx_1017_eps_0.0039.vnnlib,.005837493,unsat,102.769888854
tinyimagenet_2024,vnncomp2025_benchmarks/benchmarks/tinyimagenet_2024/onnx/TinyImageNet_resnet_medium.onnx,vnncomp2025_benchmarks/benchmarks/tinyimagenet_2024/vnnlib/TinyImageNet_resnet_medium_prop_idx_6863_sidx_8059_eps_0.0039.vnnlib,.005810051,timeout,104.405041604
tinyimagenet_2024,vnncomp2025_benchmarks/benchmarks/tinyimagenet_2024/onnx/TinyImageNet_resnet_medium.onnx,vnncomp2025_benchmarks/benchmarks/tinyimagenet_2024/vnnlib/TinyImageNet_resnet_medium_prop_idx_3553_sidx_3392_eps_0.0039.vnnlib,.005643907,sat,17.202730274
tinyimagenet_2024,vnncomp2025_benchmarks/benchmarks/tinyimagenet_2024/onnx/TinyImageNet_resnet_medium.onnx,vnncomp2025_benchmarks/benchmarks/tinyimagenet_2024/vnnlib/TinyImageNet_resnet_medium_prop_idx_5232_sidx_8001_eps_0.0039.vnnlib,.005682829,unsat,58.086678006
tinyimagenet_2024,vnncomp2025_benchmarks/benchmarks/tinyimagenet_2024/onnx/TinyImageNet_resnet_medium.onnx,vnncomp2025_benchmarks/benchmarks/tinyimagenet_2024/vnnlib/TinyImageNet_resnet_medium_prop_idx_9840_sidx_3444_eps_0.0039.vnnlib,.005696498,unsat,89.714363220
tinyimagenet_2024,vnncomp2025_benchmarks/benchmarks/tinyimagenet_2024/onnx/TinyImageNet_resnet_medium.onnx,vnncomp2025_benchmarks/benchmarks/tinyimagenet_2024/vnnlib/TinyImageNet_resnet_medium_prop_idx_8887_sidx_8800_eps_0.0039.vnnlib,.005801541,sat,15.858045529
tinyimagenet_2024,vnncomp2025_benchmarks/benchmarks/tinyimagenet_2024/onnx/TinyImageNet_resnet_medium.onnx,vnncomp2025_benchmarks/benchmarks/tinyimagenet_2024/vnnlib/TinyImageNet_resnet_medium_prop_idx_4260_sidx_5004_eps_0.0039.vnnlib,.005728339,timeout,111.869063660
tinyimagenet_2024,vnncomp2025_benchmarks/benchmarks/tinyimagenet_2024/onnx/TinyImageNet_resnet_medium.onnx,vnncomp2025_benchmarks/benchmarks/tinyimagenet_2024/vnnlib/TinyImageNet_resnet_medium_prop_idx_3416_sidx_7951_eps_0.0039.vnnlib,.005707298,timeout,105.176749081
tinyimagenet_2024,vnncomp2025_benchmarks/benchmarks/tinyimagenet_2024/onnx/TinyImageNet_resnet_medium.onnx,vnncomp2025_benchmarks/benchmarks/tinyimagenet_2024/vnnlib/TinyImageNet_resnet_medium_prop_idx_3098_sidx_9528_eps_0.0039.vnnlib,.005680757,unsat,56.011962231
tinyimagenet_2024,vnncomp2025_benchmarks/benchmarks/tinyimagenet_2024/onnx/TinyImageNet_resnet_medium.onnx,vnncomp2025_benchmarks/benchmarks/tinyimagenet_2024/vnnlib/TinyImageNet_resnet_medium_prop_idx_9271_sidx_575_eps_0.0039.vnnlib,.005828701,sat,17.469349317
tinyimagenet_2024,vnncomp2025_benchmarks/benchmarks/tinyimagenet_2024/onnx/TinyImageNet_resnet_medium.onnx,vnncomp2025_benchmarks/benchmarks/tinyimagenet_2024/vnnlib/TinyImageNet_resnet_medium_prop_idx_4330_sidx_3504_eps_0.0039.vnnlib,.005790520,unsat,65.756628307
tinyimagenet_2024,vnncomp2025_benchmarks/benchmarks/tinyimagenet_2024/onnx/TinyImageNet_resnet_medium.onnx,vnncomp2025_benchmarks/benchmarks/tinyimagenet_2024/vnnlib/TinyImageNet_resnet_medium_prop_idx_9215_sidx_4878_eps_0.0039.vnnlib,.005762259,timeout,108.820532391
tinyimagenet_2024,vnncomp2025_benchmarks/benchmarks/tinyimagenet_2024/onnx/TinyImageNet_resnet_medium.onnx,vnncomp2025_benchmarks/benchmarks/tinyimagenet_2024/vnnlib/TinyImageNet_resnet_medium_prop_idx_2493_sidx_4209_eps_0.0039.vnnlib,.005694708,sat,16.042772227
tinyimagenet_2024,vnncomp2025_benchmarks/benchmarks/tinyimagenet_2024/onnx/TinyImageNet_resnet_medium.onnx,vnncomp2025_benchmarks/benchmarks/tinyimagenet_2024/vnnlib/TinyImageNet_resnet_medium_prop_idx_5701_sidx_7560_eps_0.0039.vnnlib,.005659487,unsat,70.668200097
tinyimagenet_2024,vnncomp2025_benchmarks/benchmarks/tinyimagenet_2024/onnx/TinyImageNet_resnet_medium.onnx,vnncomp2025_benchmarks/benchmarks/tinyimagenet_2024/vnnlib/TinyImageNet_resnet_medium_prop_idx_6773_sidx_7001_eps_0.0039.vnnlib,.005710867,sat,15.539527533
tinyimagenet_2024,vnncomp2025_benchmarks/benchmarks/tinyimagenet_2024/onnx/TinyImageNet_resnet_medium.onnx,vnncomp2025_benchmarks/benchmarks/tinyimagenet_2024/vnnlib/TinyImageNet_resnet_medium_prop_idx_670_sidx_7171_eps_0.0039.vnnlib,.005813436,unsat,95.706794268
tinyimagenet_2024,vnncomp2025_benchmarks/benchmarks/tinyimagenet_2024/onnx/TinyImageNet_resnet_medium.onnx,vnncomp2025_benchmarks/benchmarks/tinyimagenet_2024/vnnlib/TinyImageNet_resnet_medium_prop_idx_9419_sidx_9984_eps_0.0039.vnnlib,.005795557,unsat,45.055549990
tinyimagenet_2024,vnncomp2025_benchmarks/benchmarks/tinyimagenet_2024/onnx/TinyImageNet_resnet_medium.onnx,vnncomp2025_benchmarks/benchmarks/tinyimagenet_2024/vnnlib/TinyImageNet_resnet_medium_prop_idx_5442_sidx_6087_eps_0.0039.vnnlib,.005674797,unsat,59.334306305
tinyimagenet_2024,vnncomp2025_benchmarks/benchmarks/tinyimagenet_2024/onnx/TinyImageNet_resnet_medium.onnx,vnncomp2025_benchmarks/benchmarks/tinyimagenet_2024/vnnlib/TinyImageNet_resnet_medium_prop_idx_9825_sidx_6883_eps_0.0039.vnnlib,.005685735,unsat,24.467076025
tinyimagenet_2024,vnncomp2025_benchmarks/benchmarks/tinyimagenet_2024/onnx/TinyImageNet_resnet_medium.onnx,vnncomp2025_benchmarks/benchmarks/tinyimagenet_2024/vnnlib/TinyImageNet_resnet_medium_prop_idx_5676_sidx_9851_eps_0.0039.vnnlib,.005726665,unsat,27.454830609
tinyimagenet_2024,vnncomp2025_benchmarks/benchmarks/tinyimagenet_2024/onnx/TinyImageNet_resnet_medium.onnx,vnncomp2025_benchmarks/benchmarks/tinyimagenet_2024/vnnlib/TinyImageNet_resnet_medium_prop_idx_3452_sidx_862_eps_0.0039.vnnlib,.005751096,sat,15.617572274
tinyimagenet_2024,vnncomp2025_benchmarks/benchmarks/tinyimagenet_2024/onnx/TinyImageNet_resnet_medium.onnx,vnncomp2025_benchmarks/benchmarks/tinyimagenet_2024/vnnlib/TinyImageNet_resnet_medium_prop_idx_1142_sidx_9106_eps_0.0039.vnnlib,.005746086,unsat,46.569446520
tinyimagenet_2024,vnncomp2025_benchmarks/benchmarks/tinyimagenet_2024/onnx/TinyImageNet_resnet_medium.onnx,vnncomp2025_benchmarks/benchmarks/tinyimagenet_2024/vnnlib/TinyImageNet_resnet_medium_prop_idx_526_sidx_7843_eps_0.0039.vnnlib,.005900419,unsat,34.319163802
tinyimagenet_2024,vnncomp2025_benchmarks/benchmarks/tinyimagenet_2024/onnx/TinyImageNet_resnet_medium.onnx,vnncomp2025_benchmarks/benchmarks/tinyimagenet_2024/vnnlib/TinyImageNet_resnet_medium_prop_idx_2310_sidx_1923_eps_0.0039.vnnlib,.005717129,sat,16.054141852
tinyimagenet_2024,vnncomp2025_benchmarks/benchmarks/tinyimagenet_2024/onnx/TinyImageNet_resnet_medium.onnx,vnncomp2025_benchmarks/benchmarks/tinyimagenet_2024/vnnlib/TinyImageNet_resnet_medium_prop_idx_9586_sidx_1970_eps_0.0039.vnnlib,.005697905,unsat,70.412369077
tinyimagenet_2024,vnncomp2025_benchmarks/benchmarks/tinyimagenet_2024/onnx/TinyImageNet_resnet_medium.onnx,vnncomp2025_benchmarks/benchmarks/tinyimagenet_2024/vnnlib/TinyImageNet_resnet_medium_prop_idx_1759_sidx_3135_eps_0.0039.vnnlib,.005761715,unsat,58.517706910
tinyimagenet_2024,vnncomp2025_benchmarks/benchmarks/tinyimagenet_2024/onnx/TinyImageNet_resnet_medium.onnx,vnncomp2025_benchmarks/benchmarks/tinyimagenet_2024/vnnlib/TinyImageNet_resnet_medium_prop_idx_974_sidx_2976_eps_0.0039.vnnlib,.005928789,timeout,111.320219058
tinyimagenet_2024,vnncomp2025_benchmarks/benchmarks/tinyimagenet_2024/onnx/TinyImageNet_resnet_medium.onnx,vnncomp2025_benchmarks/benchmarks/tinyimagenet_2024/vnnlib/TinyImageNet_resnet_medium_prop_idx_3891_sidx_62_eps_0.0039.vnnlib,.005801577,unsat,42.615879783
tinyimagenet_2024,vnncomp2025_benchmarks/benchmarks/tinyimagenet_2024/onnx/TinyImageNet_resnet_medium.onnx,vnncomp2025_benchmarks/benchmarks/tinyimagenet_2024/vnnlib/TinyImageNet_resnet_medium_prop_idx_5185_sidx_142_eps_0.0039.vnnlib,.005817558,unsat,46.230509346
tinyimagenet_2024,vnncomp2025_benchmarks/benchmarks/tinyimagenet_2024/onnx/TinyImageNet_resnet_medium.onnx,vnncomp2025_benchmarks/benchmarks/tinyimagenet_2024/vnnlib/TinyImageNet_resnet_medium_prop_idx_6996_sidx_1363_eps_0.0039.vnnlib,.005669094,unsat,29.902827862
tinyimagenet_2024,vnncomp2025_benchmarks/benchmarks/tinyimagenet_2024/onnx/TinyImageNet_resnet_medium.onnx,vnncomp2025_benchmarks/benchmarks/tinyimagenet_2024/vnnlib/TinyImageNet_resnet_medium_prop_idx_1821_sidx_9700_eps_0.0039.vnnlib,.005645683,unsat,54.476250046
tinyimagenet_2024,vnncomp2025_benchmarks/benchmarks/tinyimagenet_2024/onnx/TinyImageNet_resnet_medium.onnx,vnncomp2025_benchmarks/benchmarks/tinyimagenet_2024/vnnlib/TinyImageNet_resnet_medium_prop_idx_4709_sidx_8110_eps_0.0039.vnnlib,.005758106,unsat,30.493670169
tinyimagenet_2024,vnncomp2025_benchmarks/benchmarks/tinyimagenet_2024/onnx/TinyImageNet_resnet_medium.onnx,vnncomp2025_benchmarks/benchmarks/tinyimagenet_2024/vnnlib/TinyImageNet_resnet_medium_prop_idx_8444_sidx_2478_eps_0.0039.vnnlib,.005717805,timeout,132.658134670
tinyimagenet_2024,vnncomp2025_benchmarks/benchmarks/tinyimagenet_2024/onnx/TinyImageNet_resnet_medium.onnx,vnncomp2025_benchmarks/benchmarks/tinyimagenet_2024/vnnlib/TinyImageNet_resnet_medium_prop_idx_5451_sidx_5891_eps_0.0039.vnnlib,.005771716,unsat,49.667573330
tinyimagenet_2024,vnncomp2025_benchmarks/benchmarks/tinyimagenet_2024/onnx/TinyImageNet_resnet_medium.onnx,vnncomp2025_benchmarks/benchmarks/tinyimagenet_2024/vnnlib/TinyImageNet_resnet_medium_prop_idx_5382_sidx_4518_eps_0.0039.vnnlib,.005690794,unsat,64.795252370
tinyimagenet_2024,vnncomp2025_benchmarks/benchmarks/tinyimagenet_2024/onnx/TinyImageNet_resnet_medium.onnx,vnncomp2025_benchmarks/benchmarks/tinyimagenet_2024/vnnlib/TinyImageNet_resnet_medium_prop_idx_3139_sidx_2973_eps_0.0039.vnnlib,.005887429,unsat,79.198523855
tinyimagenet_2024,vnncomp2025_benchmarks/benchmarks/tinyimagenet_2024/onnx/TinyImageNet_resnet_medium.onnx,vnncomp2025_benchmarks/benchmarks/tinyimagenet_2024/vnnlib/TinyImageNet_resnet_medium_prop_idx_8101_sidx_2821_eps_0.0039.vnnlib,.005652224,unsat,28.112829633
tinyimagenet_2024,vnncomp2025_benchmarks/benchmarks/tinyimagenet_2024/onnx/TinyImageNet_resnet_medium.onnx,vnncomp2025_benchmarks/benchmarks/tinyimagenet_2024/vnnlib/TinyImageNet_resnet_medium_prop_idx_1806_sidx_3542_eps_0.0039.vnnlib,.005839808,unsat,75.039608750
tinyimagenet_2024,vnncomp2025_benchmarks/benchmarks/tinyimagenet_2024/onnx/TinyImageNet_resnet_medium.onnx,vnncomp2025_benchmarks/benchmarks/tinyimagenet_2024/vnnlib/TinyImageNet_resnet_medium_prop_idx_233_sidx_127_eps_0.0039.vnnlib,.005765597,unsat,97.605657980
tinyimagenet_2024,vnncomp2025_benchmarks/benchmarks/tinyimagenet_2024/onnx/TinyImageNet_resnet_medium.onnx,vnncomp2025_benchmarks/benchmarks/tinyimagenet_2024/vnnlib/TinyImageNet_resnet_medium_prop_idx_8176_sidx_2705_eps_0.0039.vnnlib,.005842689,timeout,104.721339082
tinyimagenet_2024,vnncomp2025_benchmarks/benchmarks/tinyimagenet_2024/onnx/TinyImageNet_resnet_medium.onnx,vnncomp2025_benchmarks/benchmarks/tinyimagenet_2024/vnnlib/TinyImageNet_resnet_medium_prop_idx_6311_sidx_8892_eps_0.0039.vnnlib,.005681936,sat,15.665996276
tinyimagenet_2024,vnncomp2025_benchmarks/benchmarks/tinyimagenet_2024/onnx/TinyImageNet_resnet_medium.onnx,vnncomp2025_benchmarks/benchmarks/tinyimagenet_2024/vnnlib/TinyImageNet_resnet_medium_prop_idx_5443_sidx_7316_eps_0.0039.vnnlib,.005725977,timeout,110.480469964
tinyimagenet_2024,vnncomp2025_benchmarks/benchmarks/tinyimagenet_2024/onnx/TinyImageNet_resnet_medium.onnx,vnncomp2025_benchmarks/benchmarks/tinyimagenet_2024/vnnlib/TinyImageNet_resnet_medium_prop_idx_8173_sidx_1641_eps_0.0039.vnnlib,.005622364,timeout,123.410074464
tinyimagenet_2024,vnncomp2025_benchmarks/benchmarks/tinyimagenet_2024/onnx/TinyImageNet_resnet_medium.onnx,vnncomp2025_benchmarks/benchmarks/tinyimagenet_2024/vnnlib/TinyImageNet_resnet_medium_prop_idx_2594_sidx_7029_eps_0.0039.vnnlib,.005809728,timeout,104.559496591
tinyimagenet_2024,vnncomp2025_benchmarks/benchmarks/tinyimagenet_2024/onnx/TinyImageNet_resnet_medium.onnx,vnncomp2025_benchmarks/benchmarks/tinyimagenet_2024/vnnlib/TinyImageNet_resnet_medium_prop_idx_7231_sidx_415_eps_0.0039.vnnlib,.005861669,unsat,24.448412997
tinyimagenet_2024,vnncomp2025_benchmarks/benchmarks/tinyimagenet_2024/onnx/TinyImageNet_resnet_medium.onnx,vnncomp2025_benchmarks/benchmarks/tinyimagenet_2024/vnnlib/TinyImageNet_resnet_medium_prop_idx_1435_sidx_655_eps_0.0039.vnnlib,.005695917,unsat,64.976142490
tinyimagenet_2024,vnncomp2025_benchmarks/benchmarks/tinyimagenet_2024/onnx/TinyImageNet_resnet_medium.onnx,vnncomp2025_benchmarks/benchmarks/tinyimagenet_2024/vnnlib/TinyImageNet_resnet_medium_prop_idx_8005_sidx_2582_eps_0.0039.vnnlib,.005709827,unsat,63.261263708
tinyimagenet_2024,vnncomp2025_benchmarks/benchmarks/tinyimagenet_2024/onnx/TinyImageNet_resnet_medium.onnx,vnncomp2025_benchmarks/benchmarks/tinyimagenet_2024/vnnlib/TinyImageNet_resnet_medium_prop_idx_4057_sidx_8514_eps_0.0039.vnnlib,.005749667,timeout,119.727190146
tinyimagenet_2024,vnncomp2025_benchmarks/benchmarks/tinyimagenet_2024/onnx/TinyImageNet_resnet_medium.onnx,vnncomp2025_benchmarks/benchmarks/tinyimagenet_2024/vnnlib/TinyImageNet_resnet_medium_prop_idx_8288_sidx_307_eps_0.0039.vnnlib,.005821328,sat,15.699187261
tinyimagenet_2024,vnncomp2025_benchmarks/benchmarks/tinyimagenet_2024/onnx/TinyImageNet_resnet_medium.onnx,vnncomp2025_benchmarks/benchmarks/tinyimagenet_2024/vnnlib/TinyImageNet_resnet_medium_prop_idx_6362_sidx_7345_eps_0.0039.vnnlib,.005703626,unsat,27.532198096
tinyimagenet_2024,vnncomp2025_benchmarks/benchmarks/tinyimagenet_2024/onnx/TinyImageNet_resnet_medium.onnx,vnncomp2025_benchmarks/benchmarks/tinyimagenet_2024/vnnlib/TinyImageNet_resnet_medium_prop_idx_6700_sidx_2455_eps_0.0039.vnnlib,.005718456,unsat,48.525708581
tinyimagenet_2024,vnncomp2025_benchmarks/benchmarks/tinyimagenet_2024/onnx/TinyImageNet_resnet_medium.onnx,vnncomp2025_benchmarks/benchmarks/tinyimagenet_2024/vnnlib/TinyImageNet_resnet_medium_prop_idx_3054_sidx_7502_eps_0.0039.vnnlib,.005842877,sat,15.881989458
tinyimagenet_2024,vnncomp2025_benchmarks/benchmarks/tinyimagenet_2024/onnx/TinyImageNet_resnet_medium.onnx,vnncomp2025_benchmarks/benchmarks/tinyimagenet_2024/vnnlib/TinyImageNet_resnet_medium_prop_idx_5922_sidx_1989_eps_0.0039.vnnlib,.005646824,sat,16.439847952
tinyimagenet_2024,vnncomp2025_benchmarks/benchmarks/tinyimagenet_2024/onnx/TinyImageNet_resnet_medium.onnx,vnncomp2025_benchmarks/benchmarks/tinyimagenet_2024/vnnlib/TinyImageNet_resnet_medium_prop_idx_9330_sidx_2275_eps_0.0039.vnnlib,.005718825,timeout,120.893143723
tinyimagenet_2024,vnncomp2025_benchmarks/benchmarks/tinyimagenet_2024/onnx/TinyImageNet_resnet_medium.onnx,vnncomp2025_benchmarks/benchmarks/tinyimagenet_2024/vnnlib/TinyImageNet_resnet_medium_prop_idx_723_sidx_7730_eps_0.0039.vnnlib,.005761726,unsat,71.623412517
tinyimagenet_2024,vnncomp2025_benchmarks/benchmarks/tinyimagenet_2024/onnx/TinyImageNet_resnet_medium.onnx,vnncomp2025_benchmarks/benchmarks/tinyimagenet_2024/vnnlib/TinyImageNet_resnet_medium_prop_idx_2647_sidx_2518_eps_0.0039.vnnlib,.005773547,unsat,38.758178066
tinyimagenet_2024,vnncomp2025_benchmarks/benchmarks/tinyimagenet_2024/onnx/TinyImageNet_resnet_medium.onnx,vnncomp2025_benchmarks/benchmarks/tinyimagenet_2024/vnnlib/TinyImageNet_resnet_medium_prop_idx_3015_sidx_2719_eps_0.0039.vnnlib,.005755866,unsat,24.624430431
tinyimagenet_2024,vnncomp2025_benchmarks/benchmarks/tinyimagenet_2024/onnx/TinyImageNet_resnet_medium.onnx,vnncomp2025_benchmarks/benchmarks/tinyimagenet_2024/vnnlib/TinyImageNet_resnet_medium_prop_idx_6564_sidx_5832_eps_0.0039.vnnlib,.005676594,timeout,124.488361551
tinyimagenet_2024,vnncomp2025_benchmarks/benchmarks/tinyimagenet_2024/onnx/TinyImageNet_resnet_medium.onnx,vnncomp2025_benchmarks/benchmarks/tinyimagenet_2024/vnnlib/TinyImageNet_resnet_medium_prop_idx_9458_sidx_2592_eps_0.0039.vnnlib,.005663265,timeout,108.943630111
tinyimagenet_2024,vnncomp2025_benchmarks/benchmarks/test/onnx/test_nano.onnx,vnncomp2025_benchmarks/benchmarks/test/vnnlib/test_nano.vnnlib,.005722467,unsat,17.837492600
