nn4sys,vnncomp2025_benchmarks/benchmarks/nn4sys/onnx/pensieve_small_simple.onnx,vnncomp2025_benchmarks/benchmarks/nn4sys/vnnlib/pensieve_simple_0.vnnlib,.005900696,no_result_in_file,.006326766
nn4sys,vnncomp2025_benchmarks/benchmarks/nn4sys/onnx/pensieve_big_parallel.onnx,vnncomp2025_benchmarks/benchmarks/nn4sys/vnnlib/pensieve_parallel_1.vnnlib,.005451547,no_result_in_file,.006531219
nn4sys,vnncomp2025_benchmarks/benchmarks/nn4sys/onnx/pensieve_small_simple.onnx,vnncomp2025_benchmarks/benchmarks/nn4sys/vnnlib/pensieve_simple_2.vnnlib,.005862886,no_result_in_file,.006302635
nn4sys,vnncomp2025_benchmarks/benchmarks/nn4sys/onnx/pensieve_small_simple.onnx,vnncomp2025_benchmarks/benchmarks/nn4sys/vnnlib/pensieve_simple_3.vnnlib,.005675412,no_result_in_file,.006204682
nn4sys,vnncomp2025_benchmarks/benchmarks/nn4sys/onnx/pensieve_small_parallel.onnx,vnncomp2025_benchmarks/benchmarks/nn4sys/vnnlib/pensieve_parallel_4.vnnlib,.005635951,no_result_in_file,.006197973
nn4sys,vnncomp2025_benchmarks/benchmarks/nn4sys/onnx/pensieve_small_simple.onnx,vnncomp2025_benchmarks/benchmarks/nn4sys/vnnlib/pensieve_simple_5.vnnlib,.005791485,no_result_in_file,.006366406
nn4sys,vnncomp2025_benchmarks/benchmarks/nn4sys/onnx/pensieve_mid_simple.onnx,vnncomp2025_benchmarks/benchmarks/nn4sys/vnnlib/pensieve_simple_6.vnnlib,.005651582,no_result_in_file,.006294024
nn4sys,vnncomp2025_benchmarks/benchmarks/nn4sys/onnx/pensieve_big_simple.onnx,vnncomp2025_benchmarks/benchmarks/nn4sys/vnnlib/pensieve_simple_7.vnnlib,.005728573,no_result_in_file,.006274414
nn4sys,vnncomp2025_benchmarks/benchmarks/nn4sys/onnx/pensieve_big_parallel.onnx,vnncomp2025_benchmarks/benchmarks/nn4sys/vnnlib/pensieve_parallel_8.vnnlib,.005717953,no_result_in_file,.006294995
nn4sys,vnncomp2025_benchmarks/benchmarks/nn4sys/onnx/pensieve_small_parallel.onnx,vnncomp2025_benchmarks/benchmarks/nn4sys/vnnlib/pensieve_parallel_9.vnnlib,.005687082,no_result_in_file,.006035019
nn4sys,vnncomp2025_benchmarks/benchmarks/nn4sys/onnx/pensieve_big_simple.onnx,vnncomp2025_benchmarks/benchmarks/nn4sys/vnnlib/pensieve_simple_10.vnnlib,.005827225,no_result_in_file,.006317145
nn4sys,vnncomp2025_benchmarks/benchmarks/nn4sys/onnx/pensieve_mid_simple.onnx,vnncomp2025_benchmarks/benchmarks/nn4sys/vnnlib/pensieve_simple_11.vnnlib,.005633881,no_result_in_file,.006106450
nn4sys,vnncomp2025_benchmarks/benchmarks/nn4sys/onnx/pensieve_big_simple.onnx,vnncomp2025_benchmarks/benchmarks/nn4sys/vnnlib/pensieve_simple_12.vnnlib,.005852395,no_result_in_file,.006347055
nn4sys,vnncomp2025_benchmarks/benchmarks/nn4sys/onnx/pensieve_small_simple.onnx,vnncomp2025_benchmarks/benchmarks/nn4sys/vnnlib/pensieve_simple_13.vnnlib,.005777734,no_result_in_file,.006435097
nn4sys,vnncomp2025_benchmarks/benchmarks/nn4sys/onnx/pensieve_big_simple.onnx,vnncomp2025_benchmarks/benchmarks/nn4sys/vnnlib/pensieve_simple_14.vnnlib,.005826195,no_result_in_file,.006228152
nn4sys,vnncomp2025_benchmarks/benchmarks/nn4sys/onnx/pensieve_small_simple.onnx,vnncomp2025_benchmarks/benchmarks/nn4sys/vnnlib/pensieve_simple_15.vnnlib,.005815855,no_result_in_file,.006297384
nn4sys,vnncomp2025_benchmarks/benchmarks/nn4sys/onnx/pensieve_small_simple.onnx,vnncomp2025_benchmarks/benchmarks/nn4sys/vnnlib/pensieve_simple_16.vnnlib,.005629021,no_result_in_file,.006045870
nn4sys,vnncomp2025_benchmarks/benchmarks/nn4sys/onnx/pensieve_small_parallel.onnx,vnncomp2025_benchmarks/benchmarks/nn4sys/vnnlib/pensieve_parallel_17.vnnlib,.005592790,no_result_in_file,.006186682
nn4sys,vnncomp2025_benchmarks/benchmarks/nn4sys/onnx/pensieve_small_simple.onnx,vnncomp2025_benchmarks/benchmarks/nn4sys/vnnlib/pensieve_simple_18.vnnlib,.005797794,no_result_in_file,.005977098
nn4sys,vnncomp2025_benchmarks/benchmarks/nn4sys/onnx/pensieve_small_parallel.onnx,vnncomp2025_benchmarks/benchmarks/nn4sys/vnnlib/pensieve_parallel_19.vnnlib,.005616920,no_result_in_file,.006252333
nn4sys,vnncomp2025_benchmarks/benchmarks/nn4sys/onnx/pensieve_small_parallel.onnx,vnncomp2025_benchmarks/benchmarks/nn4sys/vnnlib/pensieve_parallel_20.vnnlib,.005981608,no_result_in_file,.006164332
nn4sys,vnncomp2025_benchmarks/benchmarks/nn4sys/onnx/pensieve_mid_simple.onnx,vnncomp2025_benchmarks/benchmarks/nn4sys/vnnlib/pensieve_simple_21.vnnlib,.005912147,no_result_in_file,.006159841
nn4sys,vnncomp2025_benchmarks/benchmarks/nn4sys/onnx/pensieve_big_simple.onnx,vnncomp2025_benchmarks/benchmarks/nn4sys/vnnlib/pensieve_simple_22.vnnlib,.005629621,no_result_in_file,.006047100
nn4sys,vnncomp2025_benchmarks/benchmarks/nn4sys/onnx/pensieve_big_parallel.onnx,vnncomp2025_benchmarks/benchmarks/nn4sys/vnnlib/pensieve_parallel_23.vnnlib,.005456997,no_result_in_file,.006311995
nn4sys,vnncomp2025_benchmarks/benchmarks/nn4sys/onnx/pensieve_big_parallel.onnx,vnncomp2025_benchmarks/benchmarks/nn4sys/vnnlib/pensieve_parallel_24.vnnlib,.005710553,no_result_in_file,.006157271
nn4sys,vnncomp2025_benchmarks/benchmarks/nn4sys/onnx/pensieve_big_simple.onnx,vnncomp2025_benchmarks/benchmarks/nn4sys/vnnlib/pensieve_simple_25.vnnlib,.005759564,no_result_in_file,.006326425
nn4sys,vnncomp2025_benchmarks/benchmarks/nn4sys/onnx/pensieve_big_simple.onnx,vnncomp2025_benchmarks/benchmarks/nn4sys/vnnlib/pensieve_simple_26.vnnlib,.005926747,no_result_in_file,.006403526
nn4sys,vnncomp2025_benchmarks/benchmarks/nn4sys/onnx/pensieve_small_parallel.onnx,vnncomp2025_benchmarks/benchmarks/nn4sys/vnnlib/pensieve_parallel_27.vnnlib,.005636001,no_result_in_file,.006434767
nn4sys,vnncomp2025_benchmarks/benchmarks/nn4sys/onnx/pensieve_small_simple.onnx,vnncomp2025_benchmarks/benchmarks/nn4sys/vnnlib/pensieve_simple_28.vnnlib,.005598550,no_result_in_file,.006146841
nn4sys,vnncomp2025_benchmarks/benchmarks/nn4sys/onnx/pensieve_big_simple.onnx,vnncomp2025_benchmarks/benchmarks/nn4sys/vnnlib/pensieve_simple_29.vnnlib,.005616111,no_result_in_file,.006303804
nn4sys,vnncomp2025_benchmarks/benchmarks/nn4sys/onnx/pensieve_big_parallel.onnx,vnncomp2025_benchmarks/benchmarks/nn4sys/vnnlib/pensieve_parallel_30.vnnlib,.005583050,no_result_in_file,.005913776
nn4sys,vnncomp2025_benchmarks/benchmarks/nn4sys/onnx/pensieve_big_simple.onnx,vnncomp2025_benchmarks/benchmarks/nn4sys/vnnlib/pensieve_simple_31.vnnlib,.005809814,no_result_in_file,.006479247
nn4sys,vnncomp2025_benchmarks/benchmarks/nn4sys/onnx/pensieve_small_parallel.onnx,vnncomp2025_benchmarks/benchmarks/nn4sys/vnnlib/pensieve_parallel_32.vnnlib,.005928046,no_result_in_file,.006310294
nn4sys,vnncomp2025_benchmarks/benchmarks/nn4sys/onnx/pensieve_small_parallel.onnx,vnncomp2025_benchmarks/benchmarks/nn4sys/vnnlib/pensieve_parallel_33.vnnlib,.005676731,no_result_in_file,.006212252
nn4sys,vnncomp2025_benchmarks/benchmarks/nn4sys/onnx/pensieve_small_simple.onnx,vnncomp2025_benchmarks/benchmarks/nn4sys/vnnlib/pensieve_simple_34.vnnlib,.005536219,no_result_in_file,.006283123
nn4sys,vnncomp2025_benchmarks/benchmarks/nn4sys/onnx/pensieve_big_parallel.onnx,vnncomp2025_benchmarks/benchmarks/nn4sys/vnnlib/pensieve_parallel_35.vnnlib,.005564579,no_result_in_file,.006232763
nn4sys,vnncomp2025_benchmarks/benchmarks/nn4sys/onnx/pensieve_big_parallel.onnx,vnncomp2025_benchmarks/benchmarks/nn4sys/vnnlib/pensieve_parallel_36.vnnlib,.005914346,no_result_in_file,.006070848
nn4sys,vnncomp2025_benchmarks/benchmarks/nn4sys/onnx/pensieve_big_parallel.onnx,vnncomp2025_benchmarks/benchmarks/nn4sys/vnnlib/pensieve_parallel_37.vnnlib,.005939557,no_result_in_file,.006393926
nn4sys,vnncomp2025_benchmarks/benchmarks/nn4sys/onnx/pensieve_big_parallel.onnx,vnncomp2025_benchmarks/benchmarks/nn4sys/vnnlib/pensieve_parallel_38.vnnlib,.005651411,no_result_in_file,.006195772
nn4sys,vnncomp2025_benchmarks/benchmarks/nn4sys/onnx/pensieve_big_parallel.onnx,vnncomp2025_benchmarks/benchmarks/nn4sys/vnnlib/pensieve_parallel_39.vnnlib,.006016509,no_result_in_file,.006425806
nn4sys,vnncomp2025_benchmarks/benchmarks/nn4sys/onnx/pensieve_big_parallel.onnx,vnncomp2025_benchmarks/benchmarks/nn4sys/vnnlib/pensieve_parallel_40.vnnlib,.005742403,no_result_in_file,.006353395
nn4sys,vnncomp2025_benchmarks/benchmarks/nn4sys/onnx/pensieve_big_parallel.onnx,vnncomp2025_benchmarks/benchmarks/nn4sys/vnnlib/pensieve_parallel_41.vnnlib,.005672651,no_result_in_file,.006410496
nn4sys,vnncomp2025_benchmarks/benchmarks/nn4sys/onnx/pensieve_big_parallel.onnx,vnncomp2025_benchmarks/benchmarks/nn4sys/vnnlib/pensieve_parallel_42.vnnlib,.005409317,no_result_in_file,.005878235
nn4sys,vnncomp2025_benchmarks/benchmarks/nn4sys/onnx/pensieve_big_parallel.onnx,vnncomp2025_benchmarks/benchmarks/nn4sys/vnnlib/pensieve_parallel_43.vnnlib,.005664471,no_result_in_file,.006346114
nn4sys,vnncomp2025_benchmarks/benchmarks/nn4sys/onnx/pensieve_big_parallel.onnx,vnncomp2025_benchmarks/benchmarks/nn4sys/vnnlib/pensieve_parallel_44.vnnlib,.005917606,no_result_in_file,.006201852
nn4sys,vnncomp2025_benchmarks/benchmarks/nn4sys/onnx/pensieve_big_parallel.onnx,vnncomp2025_benchmarks/benchmarks/nn4sys/vnnlib/pensieve_parallel_45.vnnlib,.005659262,no_result_in_file,.006272053
nn4sys,vnncomp2025_benchmarks/benchmarks/nn4sys/onnx/pensieve_big_parallel.onnx,vnncomp2025_benchmarks/benchmarks/nn4sys/vnnlib/pensieve_parallel_46.vnnlib,.005740413,no_result_in_file,.006250282
nn4sys,vnncomp2025_benchmarks/benchmarks/nn4sys/onnx/pensieve_big_parallel.onnx,vnncomp2025_benchmarks/benchmarks/nn4sys/vnnlib/pensieve_parallel_47.vnnlib,.005821185,no_result_in_file,.006643301
nn4sys,vnncomp2025_benchmarks/benchmarks/nn4sys/onnx/pensieve_big_parallel.onnx,vnncomp2025_benchmarks/benchmarks/nn4sys/vnnlib/pensieve_parallel_48.vnnlib,.005748593,no_result_in_file,.006316664
nn4sys,vnncomp2025_benchmarks/benchmarks/nn4sys/onnx/pensieve_big_parallel.onnx,vnncomp2025_benchmarks/benchmarks/nn4sys/vnnlib/pensieve_parallel_49.vnnlib,.005835925,no_result_in_file,.006281663
nn4sys,vnncomp2025_benchmarks/benchmarks/nn4sys/onnx/pensieve_big_parallel.onnx,vnncomp2025_benchmarks/benchmarks/nn4sys/vnnlib/pensieve_parallel_50.vnnlib,.005673342,no_result_in_file,.006492628
nn4sys,vnncomp2025_benchmarks/benchmarks/nn4sys/onnx/pensieve_big_parallel.onnx,vnncomp2025_benchmarks/benchmarks/nn4sys/vnnlib/pensieve_parallel_51.vnnlib,.005903146,no_result_in_file,.005977417
nn4sys,vnncomp2025_benchmarks/benchmarks/nn4sys/onnx/pensieve_big_parallel.onnx,vnncomp2025_benchmarks/benchmarks/nn4sys/vnnlib/pensieve_parallel_52.vnnlib,.005726682,no_result_in_file,.006278633
nn4sys,vnncomp2025_benchmarks/benchmarks/nn4sys/onnx/pensieve_big_parallel.onnx,vnncomp2025_benchmarks/benchmarks/nn4sys/vnnlib/pensieve_parallel_53.vnnlib,.005761973,no_result_in_file,.006185481
nn4sys,vnncomp2025_benchmarks/benchmarks/nn4sys/onnx/pensieve_big_parallel.onnx,vnncomp2025_benchmarks/benchmarks/nn4sys/vnnlib/pensieve_parallel_54.vnnlib,.005946296,no_result_in_file,.006183862
nn4sys,vnncomp2025_benchmarks/benchmarks/nn4sys/onnx/pensieve_big_parallel.onnx,vnncomp2025_benchmarks/benchmarks/nn4sys/vnnlib/pensieve_parallel_55.vnnlib,.005687341,no_result_in_file,.006366435
nn4sys,vnncomp2025_benchmarks/benchmarks/nn4sys/onnx/pensieve_big_parallel.onnx,vnncomp2025_benchmarks/benchmarks/nn4sys/vnnlib/pensieve_parallel_56.vnnlib,.005697272,no_result_in_file,.006080640
nn4sys,vnncomp2025_benchmarks/benchmarks/nn4sys/onnx/pensieve_big_parallel.onnx,vnncomp2025_benchmarks/benchmarks/nn4sys/vnnlib/pensieve_parallel_57.vnnlib,.005708901,no_result_in_file,.006528227
nn4sys,vnncomp2025_benchmarks/benchmarks/nn4sys/onnx/pensieve_big_parallel.onnx,vnncomp2025_benchmarks/benchmarks/nn4sys/vnnlib/pensieve_parallel_58.vnnlib,.005783443,no_result_in_file,.006320104
nn4sys,vnncomp2025_benchmarks/benchmarks/nn4sys/onnx/pensieve_big_parallel.onnx,vnncomp2025_benchmarks/benchmarks/nn4sys/vnnlib/pensieve_parallel_59.vnnlib,.005682031,no_result_in_file,.006402536
nn4sys,vnncomp2025_benchmarks/benchmarks/nn4sys/onnx/pensieve_big_parallel.onnx,vnncomp2025_benchmarks/benchmarks/nn4sys/vnnlib/pensieve_parallel_60.vnnlib,.005679091,no_result_in_file,.006167010
nn4sys,vnncomp2025_benchmarks/benchmarks/nn4sys/onnx/pensieve_big_parallel.onnx,vnncomp2025_benchmarks/benchmarks/nn4sys/vnnlib/pensieve_parallel_61.vnnlib,.005828684,no_result_in_file,.006370175
nn4sys,vnncomp2025_benchmarks/benchmarks/nn4sys/onnx/pensieve_big_parallel.onnx,vnncomp2025_benchmarks/benchmarks/nn4sys/vnnlib/pensieve_parallel_62.vnnlib,.005664340,no_result_in_file,.006028618
nn4sys,vnncomp2025_benchmarks/benchmarks/nn4sys/onnx/pensieve_big_parallel.onnx,vnncomp2025_benchmarks/benchmarks/nn4sys/vnnlib/pensieve_parallel_63.vnnlib,.005879145,no_result_in_file,.006322254
nn4sys,vnncomp2025_benchmarks/benchmarks/nn4sys/onnx/pensieve_big_parallel.onnx,vnncomp2025_benchmarks/benchmarks/nn4sys/vnnlib/pensieve_parallel_64.vnnlib,.005753343,no_result_in_file,.006112380
nn4sys,vnncomp2025_benchmarks/benchmarks/nn4sys/onnx/pensieve_big_parallel.onnx,vnncomp2025_benchmarks/benchmarks/nn4sys/vnnlib/pensieve_parallel_65.vnnlib,.005653350,no_result_in_file,.006233752
nn4sys,vnncomp2025_benchmarks/benchmarks/nn4sys/onnx/pensieve_big_parallel.onnx,vnncomp2025_benchmarks/benchmarks/nn4sys/vnnlib/pensieve_parallel_66.vnnlib,.005609760,no_result_in_file,.006105430
nn4sys,vnncomp2025_benchmarks/benchmarks/nn4sys/onnx/pensieve_big_parallel.onnx,vnncomp2025_benchmarks/benchmarks/nn4sys/vnnlib/pensieve_parallel_67.vnnlib,.005828614,no_result_in_file,.006276603
nn4sys,vnncomp2025_benchmarks/benchmarks/nn4sys/onnx/pensieve_big_parallel.onnx,vnncomp2025_benchmarks/benchmarks/nn4sys/vnnlib/pensieve_parallel_68.vnnlib,.005701902,no_result_in_file,.006243552
nn4sys,vnncomp2025_benchmarks/benchmarks/nn4sys/onnx/pensieve_big_parallel.onnx,vnncomp2025_benchmarks/benchmarks/nn4sys/vnnlib/pensieve_parallel_69.vnnlib,.005848615,no_result_in_file,.006568939
nn4sys,vnncomp2025_benchmarks/benchmarks/nn4sys/onnx/pensieve_big_parallel.onnx,vnncomp2025_benchmarks/benchmarks/nn4sys/vnnlib/pensieve_parallel_70.vnnlib,.005794434,no_result_in_file,.006440815
nn4sys,vnncomp2025_benchmarks/benchmarks/nn4sys/onnx/pensieve_big_parallel.onnx,vnncomp2025_benchmarks/benchmarks/nn4sys/vnnlib/pensieve_parallel_71.vnnlib,.005670701,no_result_in_file,.006346574
nn4sys,vnncomp2025_benchmarks/benchmarks/nn4sys/onnx/pensieve_big_parallel.onnx,vnncomp2025_benchmarks/benchmarks/nn4sys/vnnlib/pensieve_parallel_72.vnnlib,.005853035,no_result_in_file,.006305343
nn4sys,vnncomp2025_benchmarks/benchmarks/nn4sys/onnx/pensieve_big_parallel.onnx,vnncomp2025_benchmarks/benchmarks/nn4sys/vnnlib/pensieve_parallel_73.vnnlib,.005833594,no_result_in_file,.006319964
nn4sys,vnncomp2025_benchmarks/benchmarks/nn4sys/onnx/pensieve_big_parallel.onnx,vnncomp2025_benchmarks/benchmarks/nn4sys/vnnlib/pensieve_parallel_74.vnnlib,.005713102,no_result_in_file,.006173711
nn4sys,vnncomp2025_benchmarks/benchmarks/nn4sys/onnx/pensieve_big_parallel.onnx,vnncomp2025_benchmarks/benchmarks/nn4sys/vnnlib/pensieve_parallel_75.vnnlib,.005746062,no_result_in_file,.006338984
nn4sys,vnncomp2025_benchmarks/benchmarks/nn4sys/onnx/pensieve_big_parallel.onnx,vnncomp2025_benchmarks/benchmarks/nn4sys/vnnlib/pensieve_parallel_76.vnnlib,.006072839,no_result_in_file,.006292753
nn4sys,vnncomp2025_benchmarks/benchmarks/nn4sys/onnx/pensieve_big_parallel.onnx,vnncomp2025_benchmarks/benchmarks/nn4sys/vnnlib/pensieve_parallel_77.vnnlib,.005646270,no_result_in_file,.006330414
nn4sys,vnncomp2025_benchmarks/benchmarks/nn4sys/onnx/pensieve_big_parallel.onnx,vnncomp2025_benchmarks/benchmarks/nn4sys/vnnlib/pensieve_parallel_78.vnnlib,.005645961,no_result_in_file,.006194161
nn4sys,vnncomp2025_benchmarks/benchmarks/nn4sys/onnx/pensieve_big_parallel.onnx,vnncomp2025_benchmarks/benchmarks/nn4sys/vnnlib/pensieve_parallel_79.vnnlib,.005541609,no_result_in_file,.006355134
nn4sys,vnncomp2025_benchmarks/benchmarks/nn4sys/onnx/pensieve_big_parallel.onnx,vnncomp2025_benchmarks/benchmarks/nn4sys/vnnlib/pensieve_parallel_80.vnnlib,.005932585,no_result_in_file,.006392754
nn4sys,vnncomp2025_benchmarks/benchmarks/nn4sys/onnx/pensieve_big_parallel.onnx,vnncomp2025_benchmarks/benchmarks/nn4sys/vnnlib/pensieve_parallel_81.vnnlib,.005760842,no_result_in_file,.006377824
nn4sys,vnncomp2025_benchmarks/benchmarks/nn4sys/onnx/pensieve_big_parallel.onnx,vnncomp2025_benchmarks/benchmarks/nn4sys/vnnlib/pensieve_parallel_82.vnnlib,.005695170,no_result_in_file,.006170770
nn4sys,vnncomp2025_benchmarks/benchmarks/nn4sys/onnx/pensieve_big_parallel.onnx,vnncomp2025_benchmarks/benchmarks/nn4sys/vnnlib/pensieve_parallel_83.vnnlib,.005671360,no_result_in_file,.006319653
nn4sys,vnncomp2025_benchmarks/benchmarks/nn4sys/onnx/pensieve_big_parallel.onnx,vnncomp2025_benchmarks/benchmarks/nn4sys/vnnlib/pensieve_parallel_84.vnnlib,.005612229,no_result_in_file,.006464106
nn4sys,vnncomp2025_benchmarks/benchmarks/nn4sys/onnx/pensieve_big_parallel.onnx,vnncomp2025_benchmarks/benchmarks/nn4sys/vnnlib/pensieve_parallel_85.vnnlib,.005510137,no_result_in_file,.006392784
nn4sys,vnncomp2025_benchmarks/benchmarks/nn4sys/onnx/pensieve_big_parallel.onnx,vnncomp2025_benchmarks/benchmarks/nn4sys/vnnlib/pensieve_parallel_86.vnnlib,.005809343,no_result_in_file,.006292463
nn4sys,vnncomp2025_benchmarks/benchmarks/nn4sys/onnx/pensieve_big_parallel.onnx,vnncomp2025_benchmarks/benchmarks/nn4sys/vnnlib/pensieve_parallel_87.vnnlib,.005741311,no_result_in_file,.006247321
nn4sys,vnncomp2025_benchmarks/benchmarks/nn4sys/onnx/pensieve_big_parallel.onnx,vnncomp2025_benchmarks/benchmarks/nn4sys/vnnlib/pensieve_parallel_88.vnnlib,.005681440,no_result_in_file,.006332993
nn4sys,vnncomp2025_benchmarks/benchmarks/nn4sys/onnx/pensieve_big_parallel.onnx,vnncomp2025_benchmarks/benchmarks/nn4sys/vnnlib/pensieve_parallel_89.vnnlib,.005927405,no_result_in_file,.006249372
nn4sys,vnncomp2025_benchmarks/benchmarks/nn4sys/onnx/pensieve_big_parallel.onnx,vnncomp2025_benchmarks/benchmarks/nn4sys/vnnlib/pensieve_parallel_90.vnnlib,.005605549,no_result_in_file,.006397754
nn4sys,vnncomp2025_benchmarks/benchmarks/nn4sys/onnx/pensieve_big_parallel.onnx,vnncomp2025_benchmarks/benchmarks/nn4sys/vnnlib/pensieve_parallel_91.vnnlib,.005734751,no_result_in_file,.006117879
nn4sys,vnncomp2025_benchmarks/benchmarks/nn4sys/onnx/pensieve_big_parallel.onnx,vnncomp2025_benchmarks/benchmarks/nn4sys/vnnlib/pensieve_parallel_92.vnnlib,.005868194,no_result_in_file,.006130499
nn4sys,vnncomp2025_benchmarks/benchmarks/nn4sys/onnx/pensieve_big_parallel.onnx,vnncomp2025_benchmarks/benchmarks/nn4sys/vnnlib/pensieve_parallel_93.vnnlib,.005829393,no_result_in_file,.006296813
nn4sys,vnncomp2025_benchmarks/benchmarks/nn4sys/onnx/pensieve_big_parallel.onnx,vnncomp2025_benchmarks/benchmarks/nn4sys/vnnlib/pensieve_parallel_94.vnnlib,.005703352,no_result_in_file,.006114749
nn4sys,vnncomp2025_benchmarks/benchmarks/nn4sys/onnx/pensieve_big_parallel.onnx,vnncomp2025_benchmarks/benchmarks/nn4sys/vnnlib/pensieve_parallel_95.vnnlib,.005681621,no_result_in_file,.006152409
nn4sys,vnncomp2025_benchmarks/benchmarks/nn4sys/onnx/pensieve_big_parallel.onnx,vnncomp2025_benchmarks/benchmarks/nn4sys/vnnlib/pensieve_parallel_96.vnnlib,.005651530,no_result_in_file,.006370664
nn4sys,vnncomp2025_benchmarks/benchmarks/nn4sys/onnx/pensieve_big_parallel.onnx,vnncomp2025_benchmarks/benchmarks/nn4sys/vnnlib/pensieve_parallel_97.vnnlib,.005653820,no_result_in_file,.006322623
nn4sys,vnncomp2025_benchmarks/benchmarks/nn4sys/onnx/pensieve_big_parallel.onnx,vnncomp2025_benchmarks/benchmarks/nn4sys/vnnlib/pensieve_parallel_98.vnnlib,.005905925,no_result_in_file,.006281902
nn4sys,vnncomp2025_benchmarks/benchmarks/nn4sys/onnx/pensieve_big_parallel.onnx,vnncomp2025_benchmarks/benchmarks/nn4sys/vnnlib/pensieve_parallel_99.vnnlib,.005836575,no_result_in_file,.006368194
nn4sys,vnncomp2025_benchmarks/benchmarks/nn4sys/onnx/pensieve_big_parallel.onnx,vnncomp2025_benchmarks/benchmarks/nn4sys/vnnlib/pensieve_parallel_100.vnnlib,.005913545,no_result_in_file,.006502677
nn4sys,vnncomp2025_benchmarks/benchmarks/nn4sys/onnx/pensieve_big_parallel.onnx,vnncomp2025_benchmarks/benchmarks/nn4sys/vnnlib/pensieve_parallel_101.vnnlib,.005842394,no_result_in_file,.005888455
nn4sys,vnncomp2025_benchmarks/benchmarks/nn4sys/onnx/pensieve_big_parallel.onnx,vnncomp2025_benchmarks/benchmarks/nn4sys/vnnlib/pensieve_parallel_102.vnnlib,.005597919,no_result_in_file,.005846054
nn4sys,vnncomp2025_benchmarks/benchmarks/nn4sys/onnx/pensieve_big_parallel.onnx,vnncomp2025_benchmarks/benchmarks/nn4sys/vnnlib/pensieve_parallel_103.vnnlib,.005576418,no_result_in_file,.006201761
nn4sys,vnncomp2025_benchmarks/benchmarks/nn4sys/onnx/pensieve_big_parallel.onnx,vnncomp2025_benchmarks/benchmarks/nn4sys/vnnlib/pensieve_parallel_104.vnnlib,.005931485,no_result_in_file,.006166710
nn4sys,vnncomp2025_benchmarks/benchmarks/nn4sys/onnx/lindex.onnx,vnncomp2025_benchmarks/benchmarks/nn4sys/vnnlib/lindex_1.vnnlib,.005859185,no_result_in_file,.006577987
nn4sys,vnncomp2025_benchmarks/benchmarks/nn4sys/onnx/lindex_deep.onnx,vnncomp2025_benchmarks/benchmarks/nn4sys/vnnlib/lindex_1.vnnlib,.005728381,no_result_in_file,.006253682
nn4sys,vnncomp2025_benchmarks/benchmarks/nn4sys/onnx/lindex.onnx,vnncomp2025_benchmarks/benchmarks/nn4sys/vnnlib/lindex_200.vnnlib,.006054747,no_result_in_file,.006250091
nn4sys,vnncomp2025_benchmarks/benchmarks/nn4sys/onnx/lindex_deep.onnx,vnncomp2025_benchmarks/benchmarks/nn4sys/vnnlib/lindex_200.vnnlib,.005553328,no_result_in_file,.006461215
nn4sys,vnncomp2025_benchmarks/benchmarks/nn4sys/onnx/lindex.onnx,vnncomp2025_benchmarks/benchmarks/nn4sys/vnnlib/lindex_400.vnnlib,.005749712,no_result_in_file,.006035698
nn4sys,vnncomp2025_benchmarks/benchmarks/nn4sys/onnx/lindex_deep.onnx,vnncomp2025_benchmarks/benchmarks/nn4sys/vnnlib/lindex_400.vnnlib,.005742121,no_result_in_file,.005976526
nn4sys,vnncomp2025_benchmarks/benchmarks/nn4sys/onnx/lindex.onnx,vnncomp2025_benchmarks/benchmarks/nn4sys/vnnlib/lindex_600.vnnlib,.005759752,no_result_in_file,.006387024
nn4sys,vnncomp2025_benchmarks/benchmarks/nn4sys/onnx/lindex_deep.onnx,vnncomp2025_benchmarks/benchmarks/nn4sys/vnnlib/lindex_600.vnnlib,.005722841,no_result_in_file,.006322122
nn4sys,vnncomp2025_benchmarks/benchmarks/nn4sys/onnx/lindex.onnx,vnncomp2025_benchmarks/benchmarks/nn4sys/vnnlib/lindex_800.vnnlib,.005878504,no_result_in_file,.006261231
nn4sys,vnncomp2025_benchmarks/benchmarks/nn4sys/onnx/lindex_deep.onnx,vnncomp2025_benchmarks/benchmarks/nn4sys/vnnlib/lindex_800.vnnlib,.005922315,no_result_in_file,.006505577
nn4sys,vnncomp2025_benchmarks/benchmarks/nn4sys/onnx/lindex.onnx,vnncomp2025_benchmarks/benchmarks/nn4sys/vnnlib/lindex_1000.vnnlib,.005836073,no_result_in_file,.006333053
nn4sys,vnncomp2025_benchmarks/benchmarks/nn4sys/onnx/lindex_deep.onnx,vnncomp2025_benchmarks/benchmarks/nn4sys/vnnlib/lindex_1000.vnnlib,.005878434,no_result_in_file,.006414295
nn4sys,vnncomp2025_benchmarks/benchmarks/nn4sys/onnx/lindex.onnx,vnncomp2025_benchmarks/benchmarks/nn4sys/vnnlib/lindex_3000.vnnlib,.005433596,no_result_in_file,.006091159
nn4sys,vnncomp2025_benchmarks/benchmarks/nn4sys/onnx/lindex_deep.onnx,vnncomp2025_benchmarks/benchmarks/nn4sys/vnnlib/lindex_3000.vnnlib,.005756772,no_result_in_file,.006093088
nn4sys,vnncomp2025_benchmarks/benchmarks/nn4sys/onnx/lindex.onnx,vnncomp2025_benchmarks/benchmarks/nn4sys/vnnlib/lindex_5000.vnnlib,.005545468,no_result_in_file,.006068748
nn4sys,vnncomp2025_benchmarks/benchmarks/nn4sys/onnx/lindex_deep.onnx,vnncomp2025_benchmarks/benchmarks/nn4sys/vnnlib/lindex_5000.vnnlib,.005641699,no_result_in_file,.006262771
nn4sys,vnncomp2025_benchmarks/benchmarks/nn4sys/onnx/lindex.onnx,vnncomp2025_benchmarks/benchmarks/nn4sys/vnnlib/lindex_7000.vnnlib,.005728681,no_result_in_file,.006231251
nn4sys,vnncomp2025_benchmarks/benchmarks/nn4sys/onnx/lindex_deep.onnx,vnncomp2025_benchmarks/benchmarks/nn4sys/vnnlib/lindex_7000.vnnlib,.005631859,no_result_in_file,.006285512
nn4sys,vnncomp2025_benchmarks/benchmarks/nn4sys/onnx/lindex.onnx,vnncomp2025_benchmarks/benchmarks/nn4sys/vnnlib/lindex_9000.vnnlib,.005765451,no_result_in_file,.006271131
nn4sys,vnncomp2025_benchmarks/benchmarks/nn4sys/onnx/lindex_deep.onnx,vnncomp2025_benchmarks/benchmarks/nn4sys/vnnlib/lindex_9000.vnnlib,.005826373,no_result_in_file,.005959036
nn4sys,vnncomp2025_benchmarks/benchmarks/nn4sys/onnx/lindex.onnx,vnncomp2025_benchmarks/benchmarks/nn4sys/vnnlib/lindex_10000.vnnlib,.005706690,no_result_in_file,.006171910
nn4sys,vnncomp2025_benchmarks/benchmarks/nn4sys/onnx/lindex_deep.onnx,vnncomp2025_benchmarks/benchmarks/nn4sys/vnnlib/lindex_10000.vnnlib,.005865664,no_result_in_file,.006065947
nn4sys,vnncomp2025_benchmarks/benchmarks/nn4sys/onnx/lindex.onnx,vnncomp2025_benchmarks/benchmarks/nn4sys/vnnlib/lindex_60000.vnnlib,.005662749,no_result_in_file,.006331943
nn4sys,vnncomp2025_benchmarks/benchmarks/nn4sys/onnx/lindex_deep.onnx,vnncomp2025_benchmarks/benchmarks/nn4sys/vnnlib/lindex_60000.vnnlib,.005601838,no_result_in_file,.006074018
nn4sys,vnncomp2025_benchmarks/benchmarks/nn4sys/onnx/mscn_128d.onnx,vnncomp2025_benchmarks/benchmarks/nn4sys/vnnlib/cardinality_0_1_128.vnnlib,.005658980,no_result_in_file,.006217710
nn4sys,vnncomp2025_benchmarks/benchmarks/nn4sys/onnx/mscn_128d.onnx,vnncomp2025_benchmarks/benchmarks/nn4sys/vnnlib/cardinality_0_500_128.vnnlib,.005877693,no_result_in_file,.005994326
nn4sys,vnncomp2025_benchmarks/benchmarks/nn4sys/onnx/mscn_128d.onnx,vnncomp2025_benchmarks/benchmarks/nn4sys/vnnlib/cardinality_0_750_128.vnnlib,.005742041,no_result_in_file,.006190779
nn4sys,vnncomp2025_benchmarks/benchmarks/nn4sys/onnx/mscn_128d.onnx,vnncomp2025_benchmarks/benchmarks/nn4sys/vnnlib/cardinality_0_1000_128.vnnlib,.005714901,no_result_in_file,.006108738
nn4sys,vnncomp2025_benchmarks/benchmarks/nn4sys/onnx/mscn_128d.onnx,vnncomp2025_benchmarks/benchmarks/nn4sys/vnnlib/cardinality_0_2120_128.vnnlib,.005789283,no_result_in_file,.005969575
nn4sys,vnncomp2025_benchmarks/benchmarks/nn4sys/onnx/mscn_128d.onnx,vnncomp2025_benchmarks/benchmarks/nn4sys/vnnlib/cardinality_0_2680_128.vnnlib,.005905994,no_result_in_file,.006415284
nn4sys,vnncomp2025_benchmarks/benchmarks/nn4sys/onnx/mscn_128d.onnx,vnncomp2025_benchmarks/benchmarks/nn4sys/vnnlib/cardinality_0_3240_128.vnnlib,.005813682,no_result_in_file,.006383823
nn4sys,vnncomp2025_benchmarks/benchmarks/nn4sys/onnx/mscn_128d.onnx,vnncomp2025_benchmarks/benchmarks/nn4sys/vnnlib/cardinality_0_3800_128.vnnlib,.005851954,no_result_in_file,.006249821
nn4sys,vnncomp2025_benchmarks/benchmarks/nn4sys/onnx/mscn_128d_dual.onnx,vnncomp2025_benchmarks/benchmarks/nn4sys/vnnlib/cardinality_1_1_128_dual.vnnlib,.005485566,no_result_in_file,.006179549
nn4sys,vnncomp2025_benchmarks/benchmarks/nn4sys/onnx/mscn_128d_dual.onnx,vnncomp2025_benchmarks/benchmarks/nn4sys/vnnlib/cardinality_1_240_128_dual.vnnlib,.005429685,no_result_in_file,.006254062
nn4sys,vnncomp2025_benchmarks/benchmarks/nn4sys/onnx/mscn_128d_dual.onnx,vnncomp2025_benchmarks/benchmarks/nn4sys/vnnlib/cardinality_1_360_128_dual.vnnlib,.005741011,no_result_in_file,.006222381
nn4sys,vnncomp2025_benchmarks/benchmarks/nn4sys/onnx/mscn_128d_dual.onnx,vnncomp2025_benchmarks/benchmarks/nn4sys/vnnlib/cardinality_1_480_128_dual.vnnlib,.005928634,no_result_in_file,.006221291
nn4sys,vnncomp2025_benchmarks/benchmarks/nn4sys/onnx/mscn_128d_dual.onnx,vnncomp2025_benchmarks/benchmarks/nn4sys/vnnlib/cardinality_1_600_128_dual.vnnlib,.006102577,no_result_in_file,.006560557
nn4sys,vnncomp2025_benchmarks/benchmarks/nn4sys/onnx/mscn_128d_dual.onnx,vnncomp2025_benchmarks/benchmarks/nn4sys/vnnlib/cardinality_1_720_128_dual.vnnlib,.005728621,no_result_in_file,.006229421
nn4sys,vnncomp2025_benchmarks/benchmarks/nn4sys/onnx/mscn_128d_dual.onnx,vnncomp2025_benchmarks/benchmarks/nn4sys/vnnlib/cardinality_1_840_128_dual.vnnlib,.006101038,no_result_in_file,.006406864
nn4sys,vnncomp2025_benchmarks/benchmarks/nn4sys/onnx/mscn_128d_dual.onnx,vnncomp2025_benchmarks/benchmarks/nn4sys/vnnlib/cardinality_1_960_128_dual.vnnlib,.005749041,no_result_in_file,.006486425
nn4sys,vnncomp2025_benchmarks/benchmarks/nn4sys/onnx/mscn_128d_dual.onnx,vnncomp2025_benchmarks/benchmarks/nn4sys/vnnlib/cardinality_1_2260_128_dual.vnnlib,.005857533,no_result_in_file,.006448354
nn4sys,vnncomp2025_benchmarks/benchmarks/nn4sys/onnx/mscn_128d_dual.onnx,vnncomp2025_benchmarks/benchmarks/nn4sys/vnnlib/cardinality_1_2890_128_dual.vnnlib,.005685650,no_result_in_file,.006104348
nn4sys,vnncomp2025_benchmarks/benchmarks/nn4sys/onnx/mscn_128d_dual.onnx,vnncomp2025_benchmarks/benchmarks/nn4sys/vnnlib/cardinality_1_3520_128_dual.vnnlib,.005640150,no_result_in_file,.006371783
nn4sys,vnncomp2025_benchmarks/benchmarks/nn4sys/onnx/mscn_128d_dual.onnx,vnncomp2025_benchmarks/benchmarks/nn4sys/vnnlib/cardinality_1_4150_128_dual.vnnlib,.005967666,no_result_in_file,.006347113
nn4sys,vnncomp2025_benchmarks/benchmarks/nn4sys/onnx/mscn_128d_dual.onnx,vnncomp2025_benchmarks/benchmarks/nn4sys/vnnlib/cardinality_1_4780_128_dual.vnnlib,.005571478,no_result_in_file,.006441104
nn4sys,vnncomp2025_benchmarks/benchmarks/nn4sys/onnx/mscn_128d_dual.onnx,vnncomp2025_benchmarks/benchmarks/nn4sys/vnnlib/cardinality_1_5410_128_dual.vnnlib,.005736761,no_result_in_file,.006451404
nn4sys,vnncomp2025_benchmarks/benchmarks/nn4sys/onnx/mscn_128d_dual.onnx,vnncomp2025_benchmarks/benchmarks/nn4sys/vnnlib/cardinality_1_6040_128_dual.vnnlib,.005851153,no_result_in_file,.006276101
nn4sys,vnncomp2025_benchmarks/benchmarks/nn4sys/onnx/mscn_128d_dual.onnx,vnncomp2025_benchmarks/benchmarks/nn4sys/vnnlib/cardinality_1_6670_128_dual.vnnlib,.005671179,no_result_in_file,.006302081
nn4sys,vnncomp2025_benchmarks/benchmarks/nn4sys/onnx/mscn_128d_dual.onnx,vnncomp2025_benchmarks/benchmarks/nn4sys/vnnlib/cardinality_1_7300_128_dual.vnnlib,.005662759,no_result_in_file,.006316422
nn4sys,vnncomp2025_benchmarks/benchmarks/nn4sys/onnx/mscn_128d_dual.onnx,vnncomp2025_benchmarks/benchmarks/nn4sys/vnnlib/cardinality_1_7930_128_dual.vnnlib,.005720670,no_result_in_file,.006385883
nn4sys,vnncomp2025_benchmarks/benchmarks/nn4sys/onnx/mscn_128d_dual.onnx,vnncomp2025_benchmarks/benchmarks/nn4sys/vnnlib/cardinality_1_8560_128_dual.vnnlib,.005666998,no_result_in_file,.006378683
nn4sys,vnncomp2025_benchmarks/benchmarks/nn4sys/onnx/mscn_128d_dual.onnx,vnncomp2025_benchmarks/benchmarks/nn4sys/vnnlib/cardinality_1_9190_128_dual.vnnlib,.005472715,no_result_in_file,.005973285
nn4sys,vnncomp2025_benchmarks/benchmarks/nn4sys/onnx/mscn_128d_dual.onnx,vnncomp2025_benchmarks/benchmarks/nn4sys/vnnlib/cardinality_1_9820_128_dual.vnnlib,.005869004,no_result_in_file,.006294791
nn4sys,vnncomp2025_benchmarks/benchmarks/nn4sys/onnx/mscn_128d_dual.onnx,vnncomp2025_benchmarks/benchmarks/nn4sys/vnnlib/cardinality_1_10450_128_dual.vnnlib,.005841633,no_result_in_file,.006357492
nn4sys,vnncomp2025_benchmarks/benchmarks/nn4sys/onnx/mscn_128d_dual.onnx,vnncomp2025_benchmarks/benchmarks/nn4sys/vnnlib/cardinality_1_11080_128_dual.vnnlib,.005803612,no_result_in_file,.006285841
nn4sys,vnncomp2025_benchmarks/benchmarks/nn4sys/onnx/mscn_2048d.onnx,vnncomp2025_benchmarks/benchmarks/nn4sys/vnnlib/cardinality_0_1_2048.vnnlib,.005739211,no_result_in_file,.006434394
nn4sys,vnncomp2025_benchmarks/benchmarks/nn4sys/onnx/mscn_2048d.onnx,vnncomp2025_benchmarks/benchmarks/nn4sys/vnnlib/cardinality_0_500_2048.vnnlib,.005441484,no_result_in_file,.006450984
nn4sys,vnncomp2025_benchmarks/benchmarks/nn4sys/onnx/mscn_2048d.onnx,vnncomp2025_benchmarks/benchmarks/nn4sys/vnnlib/cardinality_0_750_2048.vnnlib,.005677449,no_result_in_file,.006307442
nn4sys,vnncomp2025_benchmarks/benchmarks/nn4sys/onnx/mscn_2048d.onnx,vnncomp2025_benchmarks/benchmarks/nn4sys/vnnlib/cardinality_0_1000_2048.vnnlib,.005894784,no_result_in_file,.006271951
nn4sys,vnncomp2025_benchmarks/benchmarks/nn4sys/onnx/mscn_2048d.onnx,vnncomp2025_benchmarks/benchmarks/nn4sys/vnnlib/cardinality_0_2120_2048.vnnlib,.005885653,no_result_in_file,.006336982
nn4sys,vnncomp2025_benchmarks/benchmarks/nn4sys/onnx/mscn_2048d.onnx,vnncomp2025_benchmarks/benchmarks/nn4sys/vnnlib/cardinality_0_2680_2048.vnnlib,.005842303,no_result_in_file,.006378703
nn4sys,vnncomp2025_benchmarks/benchmarks/nn4sys/onnx/mscn_2048d.onnx,vnncomp2025_benchmarks/benchmarks/nn4sys/vnnlib/cardinality_0_3240_2048.vnnlib,.005855633,no_result_in_file,.006584108
nn4sys,vnncomp2025_benchmarks/benchmarks/nn4sys/onnx/mscn_2048d.onnx,vnncomp2025_benchmarks/benchmarks/nn4sys/vnnlib/cardinality_0_3800_2048.vnnlib,.005832463,no_result_in_file,.006202960
nn4sys,vnncomp2025_benchmarks/benchmarks/nn4sys/onnx/mscn_2048d.onnx,vnncomp2025_benchmarks/benchmarks/nn4sys/vnnlib/cardinality_0_4360_2048.vnnlib,.005607208,no_result_in_file,.006167359
nn4sys,vnncomp2025_benchmarks/benchmarks/nn4sys/onnx/mscn_2048d.onnx,vnncomp2025_benchmarks/benchmarks/nn4sys/vnnlib/cardinality_0_4920_2048.vnnlib,.005763711,no_result_in_file,.006204510
nn4sys,vnncomp2025_benchmarks/benchmarks/nn4sys/onnx/mscn_2048d.onnx,vnncomp2025_benchmarks/benchmarks/nn4sys/vnnlib/cardinality_0_5480_2048.vnnlib,.005678339,no_result_in_file,.006185309
nn4sys,vnncomp2025_benchmarks/benchmarks/nn4sys/onnx/mscn_2048d_dual.onnx,vnncomp2025_benchmarks/benchmarks/nn4sys/vnnlib/cardinality_1_1_2048_dual.vnnlib,.005699550,no_result_in_file,.006339062
nn4sys,vnncomp2025_benchmarks/benchmarks/nn4sys/onnx/mscn_2048d_dual.onnx,vnncomp2025_benchmarks/benchmarks/nn4sys/vnnlib/cardinality_1_240_2048_dual.vnnlib,.005908993,no_result_in_file,.006422164
nn4sys,vnncomp2025_benchmarks/benchmarks/nn4sys/onnx/mscn_2048d_dual.onnx,vnncomp2025_benchmarks/benchmarks/nn4sys/vnnlib/cardinality_1_360_2048_dual.vnnlib,.005860143,no_result_in_file,.006236290
nn4sys,vnncomp2025_benchmarks/benchmarks/nn4sys/onnx/mscn_2048d_dual.onnx,vnncomp2025_benchmarks/benchmarks/nn4sys/vnnlib/cardinality_1_480_2048_dual.vnnlib,.005726060,no_result_in_file,.006260389
nn4sys,vnncomp2025_benchmarks/benchmarks/nn4sys/onnx/mscn_2048d_dual.onnx,vnncomp2025_benchmarks/benchmarks/nn4sys/vnnlib/cardinality_1_600_2048_dual.vnnlib,.005634518,no_result_in_file,.006322102
nn4sys,vnncomp2025_benchmarks/benchmarks/nn4sys/onnx/mscn_2048d_dual.onnx,vnncomp2025_benchmarks/benchmarks/nn4sys/vnnlib/cardinality_1_720_2048_dual.vnnlib,.005875073,no_result_in_file,.006272530
nn4sys,vnncomp2025_benchmarks/benchmarks/nn4sys/onnx/mscn_2048d_dual.onnx,vnncomp2025_benchmarks/benchmarks/nn4sys/vnnlib/cardinality_1_840_2048_dual.vnnlib,.005366303,no_result_in_file,.005953334
nn4sys,vnncomp2025_benchmarks/benchmarks/nn4sys/onnx/mscn_2048d_dual.onnx,vnncomp2025_benchmarks/benchmarks/nn4sys/vnnlib/cardinality_1_960_2048_dual.vnnlib,.005635348,no_result_in_file,.006438134
nn4sys,vnncomp2025_benchmarks/benchmarks/nn4sys/onnx/mscn_2048d_dual.onnx,vnncomp2025_benchmarks/benchmarks/nn4sys/vnnlib/cardinality_1_2260_2048_dual.vnnlib,.005851093,no_result_in_file,.006098897
nn4sys,vnncomp2025_benchmarks/benchmarks/nn4sys/onnx/mscn_2048d_dual.onnx,vnncomp2025_benchmarks/benchmarks/nn4sys/vnnlib/cardinality_1_2890_2048_dual.vnnlib,.005668648,no_result_in_file,.006160718
nn4sys,vnncomp2025_benchmarks/benchmarks/nn4sys/onnx/mscn_2048d_dual.onnx,vnncomp2025_benchmarks/benchmarks/nn4sys/vnnlib/cardinality_1_3520_2048_dual.vnnlib,.005782851,no_result_in_file,.006357832
nn4sys,vnncomp2025_benchmarks/benchmarks/nn4sys/onnx/mscn_2048d_dual.onnx,vnncomp2025_benchmarks/benchmarks/nn4sys/vnnlib/cardinality_1_4150_2048_dual.vnnlib,.005959434,no_result_in_file,.006245260
nn4sys,vnncomp2025_benchmarks/benchmarks/nn4sys/onnx/mscn_2048d_dual.onnx,vnncomp2025_benchmarks/benchmarks/nn4sys/vnnlib/cardinality_1_4780_2048_dual.vnnlib,.005780681,no_result_in_file,.006462894
nn4sys,vnncomp2025_benchmarks/benchmarks/nn4sys/onnx/mscn_2048d_dual.onnx,vnncomp2025_benchmarks/benchmarks/nn4sys/vnnlib/cardinality_1_5410_2048_dual.vnnlib,.005686919,no_result_in_file,.006133088
nn4sys,vnncomp2025_benchmarks/benchmarks/nn4sys/onnx/mscn_2048d_dual.onnx,vnncomp2025_benchmarks/benchmarks/nn4sys/vnnlib/cardinality_1_6040_2048_dual.vnnlib,.005996716,no_result_in_file,.006527006
nn4sys,vnncomp2025_benchmarks/benchmarks/nn4sys/onnx/mscn_2048d_dual.onnx,vnncomp2025_benchmarks/benchmarks/nn4sys/vnnlib/cardinality_1_6670_2048_dual.vnnlib,.005653359,no_result_in_file,.006377702
nn4sys,vnncomp2025_benchmarks/benchmarks/nn4sys/onnx/mscn_2048d_dual.onnx,vnncomp2025_benchmarks/benchmarks/nn4sys/vnnlib/cardinality_1_7300_2048_dual.vnnlib,.006008365,no_result_in_file,.006245820
nn4sys,vnncomp2025_benchmarks/benchmarks/nn4sys/onnx/mscn_2048d_dual.onnx,vnncomp2025_benchmarks/benchmarks/nn4sys/vnnlib/cardinality_1_7930_2048_dual.vnnlib,.005877283,no_result_in_file,.006176948
nn4sys,vnncomp2025_benchmarks/benchmarks/nn4sys/onnx/mscn_2048d_dual.onnx,vnncomp2025_benchmarks/benchmarks/nn4sys/vnnlib/cardinality_1_8560_2048_dual.vnnlib,.005765440,no_result_in_file,.006060386
nn4sys,vnncomp2025_benchmarks/benchmarks/nn4sys/onnx/mscn_2048d_dual.onnx,vnncomp2025_benchmarks/benchmarks/nn4sys/vnnlib/cardinality_1_9190_2048_dual.vnnlib,.005296192,no_result_in_file,.005835892
nn4sys,vnncomp2025_benchmarks/benchmarks/nn4sys/onnx/mscn_2048d_dual.onnx,vnncomp2025_benchmarks/benchmarks/nn4sys/vnnlib/cardinality_1_9820_2048_dual.vnnlib,.005150059,no_result_in_file,.005749731
nn4sys,vnncomp2025_benchmarks/benchmarks/nn4sys/onnx/mscn_2048d_dual.onnx,vnncomp2025_benchmarks/benchmarks/nn4sys/vnnlib/cardinality_1_10450_2048_dual.vnnlib,.005364263,no_result_in_file,.005935334
nn4sys,vnncomp2025_benchmarks/benchmarks/nn4sys/onnx/mscn_2048d_dual.onnx,vnncomp2025_benchmarks/benchmarks/nn4sys/vnnlib/cardinality_1_11080_2048_dual.vnnlib,.005564567,no_result_in_file,.006015605
nn4sys,vnncomp2025_benchmarks/benchmarks/test/onnx/test_nano.onnx,vnncomp2025_benchmarks/benchmarks/test/vnnlib/test_nano.vnnlib,.005641598,no_result_in_file,.006276901
