malbeware,vnncomp2025_benchmarks/benchmarks/malbeware/onnx/malware_malimg_family_scaled_linear-25.onnx,vnncomp2025_benchmarks/benchmarks/malbeware/vnnlib/malbeware_family-Obfuscator.AD_label-17_eps-1_idx-89.vnnlib,.005577142,no_result_in_file,.006432298
malbeware,vnncomp2025_benchmarks/benchmarks/malbeware/onnx/malware_malimg_family_scaled_linear-25.onnx,vnncomp2025_benchmarks/benchmarks/malbeware/vnnlib/malbeware_family-VB.AT_label-22_eps-3_idx-112.vnnlib,.005744176,no_result_in_file,.006468118
malbeware,vnncomp2025_benchmarks/benchmarks/malbeware/onnx/malware_malimg_family_scaled_linear-25.onnx,vnncomp2025_benchmarks/benchmarks/malbeware/vnnlib/malbeware_family-Allaple.A_label-2_eps-3_idx-11.vnnlib,.005933599,no_result_in_file,.006454948
malbeware,vnncomp2025_benchmarks/benchmarks/malbeware/onnx/malware_malimg_family_scaled_linear-25.onnx,vnncomp2025_benchmarks/benchmarks/malbeware/vnnlib/malbeware_family-Skintrim.N_label-19_eps-3_idx-96.vnnlib,.005621694,no_result_in_file,.006331876
malbeware,vnncomp2025_benchmarks/benchmarks/malbeware/onnx/malware_malimg_family_scaled_linear-25.onnx,vnncomp2025_benchmarks/benchmarks/malbeware/vnnlib/malbeware_family-Lolyda.AA1_label-12_eps-3_idx-64.vnnlib,.005803827,no_result_in_file,.006322135
malbeware,vnncomp2025_benchmarks/benchmarks/malbeware/onnx/malware_malimg_family_scaled_linear-25.onnx,vnncomp2025_benchmarks/benchmarks/malbeware/vnnlib/malbeware_family-Agent.FYI_label-1_eps-2_idx-8.vnnlib,.005587293,no_result_in_file,.006428558
malbeware,vnncomp2025_benchmarks/benchmarks/malbeware/onnx/malware_malimg_family_scaled_linear-25.onnx,vnncomp2025_benchmarks/benchmarks/malbeware/vnnlib/malbeware_family-Alueron.gen!J_label-4_eps-3_idx-21.vnnlib,.006028841,no_result_in_file,.006550480
malbeware,vnncomp2025_benchmarks/benchmarks/malbeware/onnx/malware_malimg_family_scaled_linear-25.onnx,vnncomp2025_benchmarks/benchmarks/malbeware/vnnlib/malbeware_family-Rbotigen_label-18_eps-2_idx-92.vnnlib,.006152162,no_result_in_file,.006227934
malbeware,vnncomp2025_benchmarks/benchmarks/malbeware/onnx/malware_malimg_family_scaled_linear-25.onnx,vnncomp2025_benchmarks/benchmarks/malbeware/vnnlib/malbeware_family-Yuner.A_label-24_eps-3_idx-120.vnnlib,.005961329,no_result_in_file,.006459048
malbeware,vnncomp2025_benchmarks/benchmarks/malbeware/onnx/malware_malimg_family_scaled_linear-25.onnx,vnncomp2025_benchmarks/benchmarks/malbeware/vnnlib/malbeware_family-Swizzor.gen!E_label-20_eps-3_idx-102.vnnlib,.005721866,no_result_in_file,.006121802
malbeware,vnncomp2025_benchmarks/benchmarks/malbeware/onnx/malware_malimg_family_scaled_linear-25.onnx,vnncomp2025_benchmarks/benchmarks/malbeware/vnnlib/malbeware_family-Lolyda.AA1_label-12_eps-3_idx-60.vnnlib,.005696765,no_result_in_file,.006240724
malbeware,vnncomp2025_benchmarks/benchmarks/malbeware/onnx/malware_malimg_family_scaled_linear-25.onnx,vnncomp2025_benchmarks/benchmarks/malbeware/vnnlib/malbeware_family-Skintrim.N_label-19_eps-1_idx-96.vnnlib,.005603534,no_result_in_file,.006388156
malbeware,vnncomp2025_benchmarks/benchmarks/malbeware/onnx/malware_malimg_family_scaled_linear-25.onnx,vnncomp2025_benchmarks/benchmarks/malbeware/vnnlib/malbeware_family-Fakerean_label-10_eps-3_idx-54.vnnlib,.005839247,no_result_in_file,.006168343
malbeware,vnncomp2025_benchmarks/benchmarks/malbeware/onnx/malware_malimg_family_scaled_linear-25.onnx,vnncomp2025_benchmarks/benchmarks/malbeware/vnnlib/malbeware_family-Allaple.L_label-3_eps-2_idx-16.vnnlib,.005828387,no_result_in_file,.006284975
malbeware,vnncomp2025_benchmarks/benchmarks/malbeware/onnx/malware_malimg_family_scaled_linear-25.onnx,vnncomp2025_benchmarks/benchmarks/malbeware/vnnlib/malbeware_family-Adialer.C_label-0_eps-1_idx-4.vnnlib,.005725006,no_result_in_file,.006456108
malbeware,vnncomp2025_benchmarks/benchmarks/malbeware/onnx/malware_malimg_family_scaled_linear-25.onnx,vnncomp2025_benchmarks/benchmarks/malbeware/vnnlib/malbeware_family-Wintrim.BX_label-23_eps-3_idx-119.vnnlib,.005616434,no_result_in_file,.006696692
malbeware,vnncomp2025_benchmarks/benchmarks/malbeware/onnx/malware_malimg_family_scaled_linear-25.onnx,vnncomp2025_benchmarks/benchmarks/malbeware/vnnlib/malbeware_family-Rbotigen_label-18_eps-2_idx-94.vnnlib,.005976530,no_result_in_file,.006343966
malbeware,vnncomp2025_benchmarks/benchmarks/malbeware/onnx/malware_malimg_family_scaled_linear-25.onnx,vnncomp2025_benchmarks/benchmarks/malbeware/vnnlib/malbeware_family-Obfuscator.AD_label-17_eps-2_idx-87.vnnlib,.005704526,no_result_in_file,.006538670
malbeware,vnncomp2025_benchmarks/benchmarks/malbeware/onnx/malware_malimg_family_scaled_linear-25.onnx,vnncomp2025_benchmarks/benchmarks/malbeware/vnnlib/malbeware_family-Lolyda.AA3_label-14_eps-1_idx-71.vnnlib,.005776636,no_result_in_file,.006423197
malbeware,vnncomp2025_benchmarks/benchmarks/malbeware/onnx/malware_malimg_family_scaled_linear-25.onnx,vnncomp2025_benchmarks/benchmarks/malbeware/vnnlib/malbeware_family-Malex.gen!J_label-16_eps-1_idx-84.vnnlib,.005837967,no_result_in_file,.006627311
malbeware,vnncomp2025_benchmarks/benchmarks/malbeware/onnx/malware_malimg_family_scaled_linear-25.onnx,vnncomp2025_benchmarks/benchmarks/malbeware/vnnlib/malbeware_family-Dontovo.A_label-9_eps-1_idx-48.vnnlib,.005754676,no_result_in_file,.006341016
malbeware,vnncomp2025_benchmarks/benchmarks/malbeware/onnx/malware_malimg_family_scaled_linear-25.onnx,vnncomp2025_benchmarks/benchmarks/malbeware/vnnlib/malbeware_family-Swizzor.gen!E_label-20_eps-3_idx-100.vnnlib,.005887978,no_result_in_file,.006228634
malbeware,vnncomp2025_benchmarks/benchmarks/malbeware/onnx/malware_malimg_family_scaled_linear-25.onnx,vnncomp2025_benchmarks/benchmarks/malbeware/vnnlib/malbeware_family-Wintrim.BX_label-23_eps-2_idx-117.vnnlib,.005847568,no_result_in_file,.006339076
malbeware,vnncomp2025_benchmarks/benchmarks/malbeware/onnx/malware_malimg_family_scaled_linear-25.onnx,vnncomp2025_benchmarks/benchmarks/malbeware/vnnlib/malbeware_family-Autorun.K_label-5_eps-1_idx-25.vnnlib,.005720845,no_result_in_file,.006203333
malbeware,vnncomp2025_benchmarks/benchmarks/malbeware/onnx/malware_malimg_family_scaled_linear-25.onnx,vnncomp2025_benchmarks/benchmarks/malbeware/vnnlib/malbeware_family-Lolyda.AA3_label-14_eps-3_idx-71.vnnlib,.005777967,no_result_in_file,.006218703
malbeware,vnncomp2025_benchmarks/benchmarks/malbeware/onnx/malware_malimg_family_scaled_linear-25.onnx,vnncomp2025_benchmarks/benchmarks/malbeware/vnnlib/malbeware_family-Agent.FYI_label-1_eps-3_idx-8.vnnlib,.005997719,no_result_in_file,.006463978
malbeware,vnncomp2025_benchmarks/benchmarks/malbeware/onnx/malware_malimg_family_scaled_linear-25.onnx,vnncomp2025_benchmarks/benchmarks/malbeware/vnnlib/malbeware_family-Allaple.A_label-2_eps-3_idx-12.vnnlib,.005882529,no_result_in_file,.006318305
malbeware,vnncomp2025_benchmarks/benchmarks/malbeware/onnx/malware_malimg_family_scaled_linear-25.onnx,vnncomp2025_benchmarks/benchmarks/malbeware/vnnlib/malbeware_family-Lolyda.AA2_label-13_eps-2_idx-68.vnnlib,.005927898,no_result_in_file,.006466218
malbeware,vnncomp2025_benchmarks/benchmarks/malbeware/onnx/malware_malimg_family_scaled_linear-25.onnx,vnncomp2025_benchmarks/benchmarks/malbeware/vnnlib/malbeware_family-Lolyda.AA2_label-13_eps-1_idx-66.vnnlib,.005901978,no_result_in_file,.006483508
malbeware,vnncomp2025_benchmarks/benchmarks/malbeware/onnx/malware_malimg_family_scaled_linear-25.onnx,vnncomp2025_benchmarks/benchmarks/malbeware/vnnlib/malbeware_family-Autorun.K_label-5_eps-2_idx-29.vnnlib,.005768397,no_result_in_file,.006251053
malbeware,vnncomp2025_benchmarks/benchmarks/malbeware/onnx/malware_malimg_family_scaled_linear-25.onnx,vnncomp2025_benchmarks/benchmarks/malbeware/vnnlib/malbeware_family-Lolyda.AT_label-15_eps-1_idx-79.vnnlib,.005817887,no_result_in_file,.006319896
malbeware,vnncomp2025_benchmarks/benchmarks/malbeware/onnx/malware_malimg_family_scaled_linear-25.onnx,vnncomp2025_benchmarks/benchmarks/malbeware/vnnlib/malbeware_family-VB.AT_label-22_eps-2_idx-112.vnnlib,.005891199,no_result_in_file,.006341726
malbeware,vnncomp2025_benchmarks/benchmarks/malbeware/onnx/malware_malimg_family_scaled_linear-25.onnx,vnncomp2025_benchmarks/benchmarks/malbeware/vnnlib/malbeware_family-C2LOP.P_label-6_eps-2_idx-30.vnnlib,.005567323,no_result_in_file,.006291405
malbeware,vnncomp2025_benchmarks/benchmarks/malbeware/onnx/malware_malimg_family_scaled_linear-25.onnx,vnncomp2025_benchmarks/benchmarks/malbeware/vnnlib/malbeware_family-Instantaccess_label-11_eps-2_idx-57.vnnlib,.005762156,no_result_in_file,.006432617
malbeware,vnncomp2025_benchmarks/benchmarks/malbeware/onnx/malware_malimg_family_scaled_linear-25.onnx,vnncomp2025_benchmarks/benchmarks/malbeware/vnnlib/malbeware_family-Dialplatform.B_label-8_eps-1_idx-40.vnnlib,.006078082,no_result_in_file,.006537509
malbeware,vnncomp2025_benchmarks/benchmarks/malbeware/onnx/malware_malimg_family_scaled_linear-25.onnx,vnncomp2025_benchmarks/benchmarks/malbeware/vnnlib/malbeware_family-Malex.gen!J_label-16_eps-3_idx-82.vnnlib,.005768996,no_result_in_file,.006167733
malbeware,vnncomp2025_benchmarks/benchmarks/malbeware/onnx/malware_malimg_family_scaled_linear-25.onnx,vnncomp2025_benchmarks/benchmarks/malbeware/vnnlib/malbeware_family-Autorun.K_label-5_eps-1_idx-27.vnnlib,.005865928,no_result_in_file,.006372166
malbeware,vnncomp2025_benchmarks/benchmarks/malbeware/onnx/malware_malimg_family_scaled_linear-25.onnx,vnncomp2025_benchmarks/benchmarks/malbeware/vnnlib/malbeware_family-Allaple.L_label-3_eps-3_idx-16.vnnlib,.005906849,no_result_in_file,.006417927
malbeware,vnncomp2025_benchmarks/benchmarks/malbeware/onnx/malware_malimg_family_scaled_linear-25.onnx,vnncomp2025_benchmarks/benchmarks/malbeware/vnnlib/malbeware_family-Allaple.L_label-3_eps-1_idx-18.vnnlib,.005829427,no_result_in_file,.006420427
malbeware,vnncomp2025_benchmarks/benchmarks/malbeware/onnx/malware_malimg_family_scaled_linear-25.onnx,vnncomp2025_benchmarks/benchmarks/malbeware/vnnlib/malbeware_family-Swizzor.gen!E_label-20_eps-2_idx-104.vnnlib,.005988600,no_result_in_file,.006342535
malbeware,vnncomp2025_benchmarks/benchmarks/malbeware/onnx/malware_malimg_family_scaled_linear-25.onnx,vnncomp2025_benchmarks/benchmarks/malbeware/vnnlib/malbeware_family-VB.AT_label-22_eps-3_idx-111.vnnlib,.005917568,no_result_in_file,.006396607
malbeware,vnncomp2025_benchmarks/benchmarks/malbeware/onnx/malware_malimg_family_scaled_linear-25.onnx,vnncomp2025_benchmarks/benchmarks/malbeware/vnnlib/malbeware_family-Rbotigen_label-18_eps-2_idx-93.vnnlib,.005802467,no_result_in_file,.006428507
malbeware,vnncomp2025_benchmarks/benchmarks/malbeware/onnx/malware_malimg_family_scaled_linear-25.onnx,vnncomp2025_benchmarks/benchmarks/malbeware/vnnlib/malbeware_family-Lolyda.AT_label-15_eps-2_idx-76.vnnlib,.005717726,no_result_in_file,.006423257
malbeware,vnncomp2025_benchmarks/benchmarks/malbeware/onnx/malware_malimg_family_scaled_linear-25.onnx,vnncomp2025_benchmarks/benchmarks/malbeware/vnnlib/malbeware_family-C2LOP.P_label-6_eps-2_idx-31.vnnlib,.005668974,no_result_in_file,.006336115
malbeware,vnncomp2025_benchmarks/benchmarks/malbeware/onnx/malware_malimg_family_scaled_linear-25.onnx,vnncomp2025_benchmarks/benchmarks/malbeware/vnnlib/malbeware_family-Allaple.L_label-3_eps-2_idx-18.vnnlib,.005597364,no_result_in_file,.006192313
malbeware,vnncomp2025_benchmarks/benchmarks/malbeware/onnx/malware_malimg_family_scaled_linear-25.onnx,vnncomp2025_benchmarks/benchmarks/malbeware/vnnlib/malbeware_family-Autorun.K_label-5_eps-1_idx-28.vnnlib,.005892838,no_result_in_file,.006458718
malbeware,vnncomp2025_benchmarks/benchmarks/malbeware/onnx/malware_malimg_family_scaled_linear-25.onnx,vnncomp2025_benchmarks/benchmarks/malbeware/vnnlib/malbeware_family-Allaple.A_label-2_eps-2_idx-13.vnnlib,.005550512,no_result_in_file,.006249924
malbeware,vnncomp2025_benchmarks/benchmarks/malbeware/onnx/malware_malimg_family_scaled_linear-25.onnx,vnncomp2025_benchmarks/benchmarks/malbeware/vnnlib/malbeware_family-Alueron.gen!J_label-4_eps-1_idx-23.vnnlib,.005803316,no_result_in_file,.006595770
malbeware,vnncomp2025_benchmarks/benchmarks/malbeware/onnx/malware_malimg_family_scaled_linear-25.onnx,vnncomp2025_benchmarks/benchmarks/malbeware/vnnlib/malbeware_family-Dialplatform.B_label-8_eps-2_idx-43.vnnlib,.005831297,no_result_in_file,.006256834
malbeware,vnncomp2025_benchmarks/benchmarks/malbeware/onnx/malware_malimg_family_scaled_linear-25.onnx,vnncomp2025_benchmarks/benchmarks/malbeware/vnnlib/malbeware_family-Instantaccess_label-11_eps-2_idx-55.vnnlib,.005521532,no_result_in_file,.006293725
malbeware,vnncomp2025_benchmarks/benchmarks/malbeware/onnx/malware_malimg_family_scaled_4-25.onnx,vnncomp2025_benchmarks/benchmarks/malbeware/vnnlib/malbeware_family-Obfuscator.AD_label-17_eps-1_idx-89.vnnlib,.005769506,no_result_in_file,.006345666
malbeware,vnncomp2025_benchmarks/benchmarks/malbeware/onnx/malware_malimg_family_scaled_4-25.onnx,vnncomp2025_benchmarks/benchmarks/malbeware/vnnlib/malbeware_family-VB.AT_label-22_eps-3_idx-112.vnnlib,.005669255,no_result_in_file,.006131422
malbeware,vnncomp2025_benchmarks/benchmarks/malbeware/onnx/malware_malimg_family_scaled_4-25.onnx,vnncomp2025_benchmarks/benchmarks/malbeware/vnnlib/malbeware_family-Allaple.A_label-2_eps-3_idx-11.vnnlib,.005846117,no_result_in_file,.006149092
malbeware,vnncomp2025_benchmarks/benchmarks/malbeware/onnx/malware_malimg_family_scaled_4-25.onnx,vnncomp2025_benchmarks/benchmarks/malbeware/vnnlib/malbeware_family-Skintrim.N_label-19_eps-3_idx-96.vnnlib,.006007870,no_result_in_file,.006348315
malbeware,vnncomp2025_benchmarks/benchmarks/malbeware/onnx/malware_malimg_family_scaled_4-25.onnx,vnncomp2025_benchmarks/benchmarks/malbeware/vnnlib/malbeware_family-Lolyda.AA1_label-12_eps-3_idx-64.vnnlib,.005860817,no_result_in_file,.006492618
malbeware,vnncomp2025_benchmarks/benchmarks/malbeware/onnx/malware_malimg_family_scaled_4-25.onnx,vnncomp2025_benchmarks/benchmarks/malbeware/vnnlib/malbeware_family-Agent.FYI_label-1_eps-2_idx-8.vnnlib,.005771196,no_result_in_file,.006159392
malbeware,vnncomp2025_benchmarks/benchmarks/malbeware/onnx/malware_malimg_family_scaled_4-25.onnx,vnncomp2025_benchmarks/benchmarks/malbeware/vnnlib/malbeware_family-Alueron.gen!J_label-4_eps-3_idx-21.vnnlib,.005737566,no_result_in_file,.005930169
malbeware,vnncomp2025_benchmarks/benchmarks/malbeware/onnx/malware_malimg_family_scaled_4-25.onnx,vnncomp2025_benchmarks/benchmarks/malbeware/vnnlib/malbeware_family-Rbotigen_label-18_eps-2_idx-92.vnnlib,.005943389,no_result_in_file,.006311915
malbeware,vnncomp2025_benchmarks/benchmarks/malbeware/onnx/malware_malimg_family_scaled_4-25.onnx,vnncomp2025_benchmarks/benchmarks/malbeware/vnnlib/malbeware_family-Yuner.A_label-24_eps-3_idx-120.vnnlib,.005828706,no_result_in_file,.006239963
malbeware,vnncomp2025_benchmarks/benchmarks/malbeware/onnx/malware_malimg_family_scaled_4-25.onnx,vnncomp2025_benchmarks/benchmarks/malbeware/vnnlib/malbeware_family-Swizzor.gen!E_label-20_eps-3_idx-102.vnnlib,.005729156,no_result_in_file,.006187953
malbeware,vnncomp2025_benchmarks/benchmarks/malbeware/onnx/malware_malimg_family_scaled_4-25.onnx,vnncomp2025_benchmarks/benchmarks/malbeware/vnnlib/malbeware_family-Lolyda.AA1_label-12_eps-3_idx-60.vnnlib,.005641314,no_result_in_file,.006380516
malbeware,vnncomp2025_benchmarks/benchmarks/malbeware/onnx/malware_malimg_family_scaled_4-25.onnx,vnncomp2025_benchmarks/benchmarks/malbeware/vnnlib/malbeware_family-Skintrim.N_label-19_eps-1_idx-96.vnnlib,.005583053,no_result_in_file,.006357156
malbeware,vnncomp2025_benchmarks/benchmarks/malbeware/onnx/malware_malimg_family_scaled_4-25.onnx,vnncomp2025_benchmarks/benchmarks/malbeware/vnnlib/malbeware_family-Fakerean_label-10_eps-3_idx-54.vnnlib,.005757576,no_result_in_file,.006422037
malbeware,vnncomp2025_benchmarks/benchmarks/malbeware/onnx/malware_malimg_family_scaled_4-25.onnx,vnncomp2025_benchmarks/benchmarks/malbeware/vnnlib/malbeware_family-Allaple.L_label-3_eps-2_idx-16.vnnlib,.005795076,no_result_in_file,.006233653
malbeware,vnncomp2025_benchmarks/benchmarks/malbeware/onnx/malware_malimg_family_scaled_4-25.onnx,vnncomp2025_benchmarks/benchmarks/malbeware/vnnlib/malbeware_family-Adialer.C_label-0_eps-1_idx-4.vnnlib,.006033561,no_result_in_file,.006135712
malbeware,vnncomp2025_benchmarks/benchmarks/malbeware/onnx/malware_malimg_family_scaled_4-25.onnx,vnncomp2025_benchmarks/benchmarks/malbeware/vnnlib/malbeware_family-Wintrim.BX_label-23_eps-3_idx-119.vnnlib,.005871577,no_result_in_file,.006532578
malbeware,vnncomp2025_benchmarks/benchmarks/malbeware/onnx/malware_malimg_family_scaled_4-25.onnx,vnncomp2025_benchmarks/benchmarks/malbeware/vnnlib/malbeware_family-Rbotigen_label-18_eps-2_idx-94.vnnlib,.005851587,no_result_in_file,.006343296
malbeware,vnncomp2025_benchmarks/benchmarks/malbeware/onnx/malware_malimg_family_scaled_4-25.onnx,vnncomp2025_benchmarks/benchmarks/malbeware/vnnlib/malbeware_family-Obfuscator.AD_label-17_eps-2_idx-87.vnnlib,.005483461,no_result_in_file,.006469758
malbeware,vnncomp2025_benchmarks/benchmarks/malbeware/onnx/malware_malimg_family_scaled_4-25.onnx,vnncomp2025_benchmarks/benchmarks/malbeware/vnnlib/malbeware_family-Lolyda.AA3_label-14_eps-1_idx-71.vnnlib,.005846667,no_result_in_file,.006370595
malbeware,vnncomp2025_benchmarks/benchmarks/malbeware/onnx/malware_malimg_family_scaled_4-25.onnx,vnncomp2025_benchmarks/benchmarks/malbeware/vnnlib/malbeware_family-Malex.gen!J_label-16_eps-1_idx-84.vnnlib,.005749986,no_result_in_file,.006314615
malbeware,vnncomp2025_benchmarks/benchmarks/malbeware/onnx/malware_malimg_family_scaled_4-25.onnx,vnncomp2025_benchmarks/benchmarks/malbeware/vnnlib/malbeware_family-Dontovo.A_label-9_eps-1_idx-48.vnnlib,.005989669,no_result_in_file,.006318575
malbeware,vnncomp2025_benchmarks/benchmarks/malbeware/onnx/malware_malimg_family_scaled_4-25.onnx,vnncomp2025_benchmarks/benchmarks/malbeware/vnnlib/malbeware_family-Swizzor.gen!E_label-20_eps-3_idx-100.vnnlib,.005924308,no_result_in_file,.006369846
malbeware,vnncomp2025_benchmarks/benchmarks/malbeware/onnx/malware_malimg_family_scaled_4-25.onnx,vnncomp2025_benchmarks/benchmarks/malbeware/vnnlib/malbeware_family-Wintrim.BX_label-23_eps-2_idx-117.vnnlib,.005759735,no_result_in_file,.006337615
malbeware,vnncomp2025_benchmarks/benchmarks/malbeware/onnx/malware_malimg_family_scaled_4-25.onnx,vnncomp2025_benchmarks/benchmarks/malbeware/vnnlib/malbeware_family-Autorun.K_label-5_eps-1_idx-25.vnnlib,.005745286,no_result_in_file,.006243944
malbeware,vnncomp2025_benchmarks/benchmarks/malbeware/onnx/malware_malimg_family_scaled_4-25.onnx,vnncomp2025_benchmarks/benchmarks/malbeware/vnnlib/malbeware_family-Lolyda.AA3_label-14_eps-3_idx-71.vnnlib,.005533672,no_result_in_file,.006406816
malbeware,vnncomp2025_benchmarks/benchmarks/malbeware/onnx/malware_malimg_family_scaled_4-25.onnx,vnncomp2025_benchmarks/benchmarks/malbeware/vnnlib/malbeware_family-Agent.FYI_label-1_eps-3_idx-8.vnnlib,.005369259,no_result_in_file,.006375396
malbeware,vnncomp2025_benchmarks/benchmarks/malbeware/onnx/malware_malimg_family_scaled_4-25.onnx,vnncomp2025_benchmarks/benchmarks/malbeware/vnnlib/malbeware_family-Allaple.A_label-2_eps-3_idx-12.vnnlib,.005698485,no_result_in_file,.006333245
malbeware,vnncomp2025_benchmarks/benchmarks/malbeware/onnx/malware_malimg_family_scaled_4-25.onnx,vnncomp2025_benchmarks/benchmarks/malbeware/vnnlib/malbeware_family-Lolyda.AA2_label-13_eps-2_idx-68.vnnlib,.005781146,no_result_in_file,.006226523
malbeware,vnncomp2025_benchmarks/benchmarks/malbeware/onnx/malware_malimg_family_scaled_4-25.onnx,vnncomp2025_benchmarks/benchmarks/malbeware/vnnlib/malbeware_family-Lolyda.AA2_label-13_eps-1_idx-66.vnnlib,.005887768,no_result_in_file,.005974149
malbeware,vnncomp2025_benchmarks/benchmarks/malbeware/onnx/malware_malimg_family_scaled_4-25.onnx,vnncomp2025_benchmarks/benchmarks/malbeware/vnnlib/malbeware_family-Autorun.K_label-5_eps-2_idx-29.vnnlib,.005756155,no_result_in_file,.006047671
malbeware,vnncomp2025_benchmarks/benchmarks/malbeware/onnx/malware_malimg_family_scaled_4-25.onnx,vnncomp2025_benchmarks/benchmarks/malbeware/vnnlib/malbeware_family-Lolyda.AT_label-15_eps-1_idx-79.vnnlib,.005771356,no_result_in_file,.006315695
malbeware,vnncomp2025_benchmarks/benchmarks/malbeware/onnx/malware_malimg_family_scaled_4-25.onnx,vnncomp2025_benchmarks/benchmarks/malbeware/vnnlib/malbeware_family-VB.AT_label-22_eps-2_idx-112.vnnlib,.005835457,no_result_in_file,.006425476
malbeware,vnncomp2025_benchmarks/benchmarks/malbeware/onnx/malware_malimg_family_scaled_4-25.onnx,vnncomp2025_benchmarks/benchmarks/malbeware/vnnlib/malbeware_family-C2LOP.P_label-6_eps-2_idx-30.vnnlib,.005804306,no_result_in_file,.006449397
malbeware,vnncomp2025_benchmarks/benchmarks/malbeware/onnx/malware_malimg_family_scaled_4-25.onnx,vnncomp2025_benchmarks/benchmarks/malbeware/vnnlib/malbeware_family-Instantaccess_label-11_eps-2_idx-57.vnnlib,.005722356,no_result_in_file,.006508238
malbeware,vnncomp2025_benchmarks/benchmarks/malbeware/onnx/malware_malimg_family_scaled_4-25.onnx,vnncomp2025_benchmarks/benchmarks/malbeware/vnnlib/malbeware_family-Dialplatform.B_label-8_eps-1_idx-40.vnnlib,.005790436,no_result_in_file,.006432507
malbeware,vnncomp2025_benchmarks/benchmarks/malbeware/onnx/malware_malimg_family_scaled_4-25.onnx,vnncomp2025_benchmarks/benchmarks/malbeware/vnnlib/malbeware_family-Malex.gen!J_label-16_eps-3_idx-82.vnnlib,.005912878,no_result_in_file,.006399806
malbeware,vnncomp2025_benchmarks/benchmarks/malbeware/onnx/malware_malimg_family_scaled_4-25.onnx,vnncomp2025_benchmarks/benchmarks/malbeware/vnnlib/malbeware_family-Autorun.K_label-5_eps-1_idx-27.vnnlib,.005831437,no_result_in_file,.006198293
malbeware,vnncomp2025_benchmarks/benchmarks/malbeware/onnx/malware_malimg_family_scaled_4-25.onnx,vnncomp2025_benchmarks/benchmarks/malbeware/vnnlib/malbeware_family-Allaple.L_label-3_eps-3_idx-16.vnnlib,.005820557,no_result_in_file,.006202242
malbeware,vnncomp2025_benchmarks/benchmarks/malbeware/onnx/malware_malimg_family_scaled_4-25.onnx,vnncomp2025_benchmarks/benchmarks/malbeware/vnnlib/malbeware_family-Allaple.L_label-3_eps-1_idx-18.vnnlib,.005672445,no_result_in_file,.006192993
malbeware,vnncomp2025_benchmarks/benchmarks/malbeware/onnx/malware_malimg_family_scaled_4-25.onnx,vnncomp2025_benchmarks/benchmarks/malbeware/vnnlib/malbeware_family-Swizzor.gen!E_label-20_eps-2_idx-104.vnnlib,.005688884,no_result_in_file,.006224144
malbeware,vnncomp2025_benchmarks/benchmarks/malbeware/onnx/malware_malimg_family_scaled_4-25.onnx,vnncomp2025_benchmarks/benchmarks/malbeware/vnnlib/malbeware_family-VB.AT_label-22_eps-3_idx-111.vnnlib,.005605784,no_result_in_file,.006414847
malbeware,vnncomp2025_benchmarks/benchmarks/malbeware/onnx/malware_malimg_family_scaled_4-25.onnx,vnncomp2025_benchmarks/benchmarks/malbeware/vnnlib/malbeware_family-Rbotigen_label-18_eps-2_idx-93.vnnlib,.005664844,no_result_in_file,.006168252
malbeware,vnncomp2025_benchmarks/benchmarks/malbeware/onnx/malware_malimg_family_scaled_4-25.onnx,vnncomp2025_benchmarks/benchmarks/malbeware/vnnlib/malbeware_family-Lolyda.AT_label-15_eps-2_idx-76.vnnlib,.005595002,no_result_in_file,.006432566
malbeware,vnncomp2025_benchmarks/benchmarks/malbeware/onnx/malware_malimg_family_scaled_4-25.onnx,vnncomp2025_benchmarks/benchmarks/malbeware/vnnlib/malbeware_family-C2LOP.P_label-6_eps-2_idx-31.vnnlib,.005856448,no_result_in_file,.006399585
malbeware,vnncomp2025_benchmarks/benchmarks/malbeware/onnx/malware_malimg_family_scaled_4-25.onnx,vnncomp2025_benchmarks/benchmarks/malbeware/vnnlib/malbeware_family-Allaple.L_label-3_eps-2_idx-18.vnnlib,.005641653,no_result_in_file,.006420666
malbeware,vnncomp2025_benchmarks/benchmarks/malbeware/onnx/malware_malimg_family_scaled_4-25.onnx,vnncomp2025_benchmarks/benchmarks/malbeware/vnnlib/malbeware_family-Autorun.K_label-5_eps-1_idx-28.vnnlib,.005714474,no_result_in_file,.006514488
malbeware,vnncomp2025_benchmarks/benchmarks/malbeware/onnx/malware_malimg_family_scaled_4-25.onnx,vnncomp2025_benchmarks/benchmarks/malbeware/vnnlib/malbeware_family-Allaple.A_label-2_eps-2_idx-13.vnnlib,.005647164,no_result_in_file,.006341515
malbeware,vnncomp2025_benchmarks/benchmarks/malbeware/onnx/malware_malimg_family_scaled_4-25.onnx,vnncomp2025_benchmarks/benchmarks/malbeware/vnnlib/malbeware_family-Alueron.gen!J_label-4_eps-1_idx-23.vnnlib,.005553452,no_result_in_file,.006236793
malbeware,vnncomp2025_benchmarks/benchmarks/malbeware/onnx/malware_malimg_family_scaled_4-25.onnx,vnncomp2025_benchmarks/benchmarks/malbeware/vnnlib/malbeware_family-Dialplatform.B_label-8_eps-2_idx-43.vnnlib,.005802036,no_result_in_file,.006178262
malbeware,vnncomp2025_benchmarks/benchmarks/malbeware/onnx/malware_malimg_family_scaled_4-25.onnx,vnncomp2025_benchmarks/benchmarks/malbeware/vnnlib/malbeware_family-Instantaccess_label-11_eps-2_idx-55.vnnlib,.005928129,no_result_in_file,.006165732
malbeware,vnncomp2025_benchmarks/benchmarks/malbeware/onnx/malware_malimg_family_scaled_16-25.onnx,vnncomp2025_benchmarks/benchmarks/malbeware/vnnlib/malbeware_family-Obfuscator.AD_label-17_eps-1_idx-89.vnnlib,.005576193,no_result_in_file,.006003999
malbeware,vnncomp2025_benchmarks/benchmarks/malbeware/onnx/malware_malimg_family_scaled_16-25.onnx,vnncomp2025_benchmarks/benchmarks/malbeware/vnnlib/malbeware_family-VB.AT_label-22_eps-3_idx-112.vnnlib,.005684904,no_result_in_file,.005530432
malbeware,vnncomp2025_benchmarks/benchmarks/malbeware/onnx/malware_malimg_family_scaled_16-25.onnx,vnncomp2025_benchmarks/benchmarks/malbeware/vnnlib/malbeware_family-Allaple.A_label-2_eps-3_idx-11.vnnlib,.005623403,no_result_in_file,.006416676
malbeware,vnncomp2025_benchmarks/benchmarks/malbeware/onnx/malware_malimg_family_scaled_16-25.onnx,vnncomp2025_benchmarks/benchmarks/malbeware/vnnlib/malbeware_family-Skintrim.N_label-19_eps-3_idx-96.vnnlib,.005623833,no_result_in_file,.006063870
malbeware,vnncomp2025_benchmarks/benchmarks/malbeware/onnx/malware_malimg_family_scaled_16-25.onnx,vnncomp2025_benchmarks/benchmarks/malbeware/vnnlib/malbeware_family-Lolyda.AA1_label-12_eps-3_idx-64.vnnlib,.005725985,no_result_in_file,.006433607
malbeware,vnncomp2025_benchmarks/benchmarks/malbeware/onnx/malware_malimg_family_scaled_16-25.onnx,vnncomp2025_benchmarks/benchmarks/malbeware/vnnlib/malbeware_family-Agent.FYI_label-1_eps-2_idx-8.vnnlib,.005728036,no_result_in_file,.006383816
malbeware,vnncomp2025_benchmarks/benchmarks/malbeware/onnx/malware_malimg_family_scaled_16-25.onnx,vnncomp2025_benchmarks/benchmarks/malbeware/vnnlib/malbeware_family-Alueron.gen!J_label-4_eps-3_idx-21.vnnlib,.005648023,no_result_in_file,.006305455
malbeware,vnncomp2025_benchmarks/benchmarks/malbeware/onnx/malware_malimg_family_scaled_16-25.onnx,vnncomp2025_benchmarks/benchmarks/malbeware/vnnlib/malbeware_family-Rbotigen_label-18_eps-2_idx-92.vnnlib,.005861477,no_result_in_file,.006405406
malbeware,vnncomp2025_benchmarks/benchmarks/malbeware/onnx/malware_malimg_family_scaled_16-25.onnx,vnncomp2025_benchmarks/benchmarks/malbeware/vnnlib/malbeware_family-Yuner.A_label-24_eps-3_idx-120.vnnlib,.005742355,no_result_in_file,.006450836
malbeware,vnncomp2025_benchmarks/benchmarks/malbeware/onnx/malware_malimg_family_scaled_16-25.onnx,vnncomp2025_benchmarks/benchmarks/malbeware/vnnlib/malbeware_family-Swizzor.gen!E_label-20_eps-3_idx-102.vnnlib,.005733945,no_result_in_file,.006254763
malbeware,vnncomp2025_benchmarks/benchmarks/malbeware/onnx/malware_malimg_family_scaled_16-25.onnx,vnncomp2025_benchmarks/benchmarks/malbeware/vnnlib/malbeware_family-Lolyda.AA1_label-12_eps-3_idx-60.vnnlib,.005734975,no_result_in_file,.006071751
malbeware,vnncomp2025_benchmarks/benchmarks/malbeware/onnx/malware_malimg_family_scaled_16-25.onnx,vnncomp2025_benchmarks/benchmarks/malbeware/vnnlib/malbeware_family-Skintrim.N_label-19_eps-1_idx-96.vnnlib,.005582772,no_result_in_file,.006483967
malbeware,vnncomp2025_benchmarks/benchmarks/malbeware/onnx/malware_malimg_family_scaled_16-25.onnx,vnncomp2025_benchmarks/benchmarks/malbeware/vnnlib/malbeware_family-Fakerean_label-10_eps-3_idx-54.vnnlib,.005818336,no_result_in_file,.006337125
malbeware,vnncomp2025_benchmarks/benchmarks/malbeware/onnx/malware_malimg_family_scaled_16-25.onnx,vnncomp2025_benchmarks/benchmarks/malbeware/vnnlib/malbeware_family-Allaple.L_label-3_eps-2_idx-16.vnnlib,.005868967,no_result_in_file,.006154192
malbeware,vnncomp2025_benchmarks/benchmarks/malbeware/onnx/malware_malimg_family_scaled_16-25.onnx,vnncomp2025_benchmarks/benchmarks/malbeware/vnnlib/malbeware_family-Adialer.C_label-0_eps-1_idx-4.vnnlib,.005846556,no_result_in_file,.006486568
malbeware,vnncomp2025_benchmarks/benchmarks/malbeware/onnx/malware_malimg_family_scaled_16-25.onnx,vnncomp2025_benchmarks/benchmarks/malbeware/vnnlib/malbeware_family-Wintrim.BX_label-23_eps-3_idx-119.vnnlib,.005808856,no_result_in_file,.006456027
malbeware,vnncomp2025_benchmarks/benchmarks/malbeware/onnx/malware_malimg_family_scaled_16-25.onnx,vnncomp2025_benchmarks/benchmarks/malbeware/vnnlib/malbeware_family-Rbotigen_label-18_eps-2_idx-94.vnnlib,.005679074,no_result_in_file,.006170102
malbeware,vnncomp2025_benchmarks/benchmarks/malbeware/onnx/malware_malimg_family_scaled_16-25.onnx,vnncomp2025_benchmarks/benchmarks/malbeware/vnnlib/malbeware_family-Obfuscator.AD_label-17_eps-2_idx-87.vnnlib,.005720675,no_result_in_file,.006191223
malbeware,vnncomp2025_benchmarks/benchmarks/malbeware/onnx/malware_malimg_family_scaled_16-25.onnx,vnncomp2025_benchmarks/benchmarks/malbeware/vnnlib/malbeware_family-Lolyda.AA3_label-14_eps-1_idx-71.vnnlib,.005720565,no_result_in_file,.006305345
malbeware,vnncomp2025_benchmarks/benchmarks/malbeware/onnx/malware_malimg_family_scaled_16-25.onnx,vnncomp2025_benchmarks/benchmarks/malbeware/vnnlib/malbeware_family-Malex.gen!J_label-16_eps-1_idx-84.vnnlib,.005564292,no_result_in_file,.006084701
malbeware,vnncomp2025_benchmarks/benchmarks/malbeware/onnx/malware_malimg_family_scaled_16-25.onnx,vnncomp2025_benchmarks/benchmarks/malbeware/vnnlib/malbeware_family-Dontovo.A_label-9_eps-1_idx-48.vnnlib,.005767065,no_result_in_file,.006378715
malbeware,vnncomp2025_benchmarks/benchmarks/malbeware/onnx/malware_malimg_family_scaled_16-25.onnx,vnncomp2025_benchmarks/benchmarks/malbeware/vnnlib/malbeware_family-Swizzor.gen!E_label-20_eps-3_idx-100.vnnlib,.005493841,no_result_in_file,.006813473
malbeware,vnncomp2025_benchmarks/benchmarks/malbeware/onnx/malware_malimg_family_scaled_16-25.onnx,vnncomp2025_benchmarks/benchmarks/malbeware/vnnlib/malbeware_family-Wintrim.BX_label-23_eps-2_idx-117.vnnlib,.005634473,no_result_in_file,.006201232
malbeware,vnncomp2025_benchmarks/benchmarks/malbeware/onnx/malware_malimg_family_scaled_16-25.onnx,vnncomp2025_benchmarks/benchmarks/malbeware/vnnlib/malbeware_family-Autorun.K_label-5_eps-1_idx-25.vnnlib,.005898368,no_result_in_file,.006450597
malbeware,vnncomp2025_benchmarks/benchmarks/malbeware/onnx/malware_malimg_family_scaled_16-25.onnx,vnncomp2025_benchmarks/benchmarks/malbeware/vnnlib/malbeware_family-Lolyda.AA3_label-14_eps-3_idx-71.vnnlib,.005814636,no_result_in_file,.006154692
malbeware,vnncomp2025_benchmarks/benchmarks/malbeware/onnx/malware_malimg_family_scaled_16-25.onnx,vnncomp2025_benchmarks/benchmarks/malbeware/vnnlib/malbeware_family-Agent.FYI_label-1_eps-3_idx-8.vnnlib,.005523411,no_result_in_file,.006174762
malbeware,vnncomp2025_benchmarks/benchmarks/malbeware/onnx/malware_malimg_family_scaled_16-25.onnx,vnncomp2025_benchmarks/benchmarks/malbeware/vnnlib/malbeware_family-Allaple.A_label-2_eps-3_idx-12.vnnlib,.005821317,no_result_in_file,.006281314
malbeware,vnncomp2025_benchmarks/benchmarks/malbeware/onnx/malware_malimg_family_scaled_16-25.onnx,vnncomp2025_benchmarks/benchmarks/malbeware/vnnlib/malbeware_family-Lolyda.AA2_label-13_eps-2_idx-68.vnnlib,.005735235,no_result_in_file,.006130111
malbeware,vnncomp2025_benchmarks/benchmarks/malbeware/onnx/malware_malimg_family_scaled_16-25.onnx,vnncomp2025_benchmarks/benchmarks/malbeware/vnnlib/malbeware_family-Lolyda.AA2_label-13_eps-1_idx-66.vnnlib,.005849737,no_result_in_file,.006147231
malbeware,vnncomp2025_benchmarks/benchmarks/malbeware/onnx/malware_malimg_family_scaled_16-25.onnx,vnncomp2025_benchmarks/benchmarks/malbeware/vnnlib/malbeware_family-Autorun.K_label-5_eps-2_idx-29.vnnlib,.005699394,no_result_in_file,.006292745
malbeware,vnncomp2025_benchmarks/benchmarks/malbeware/onnx/malware_malimg_family_scaled_16-25.onnx,vnncomp2025_benchmarks/benchmarks/malbeware/vnnlib/malbeware_family-Lolyda.AT_label-15_eps-1_idx-79.vnnlib,.005966389,no_result_in_file,.006469327
malbeware,vnncomp2025_benchmarks/benchmarks/malbeware/onnx/malware_malimg_family_scaled_16-25.onnx,vnncomp2025_benchmarks/benchmarks/malbeware/vnnlib/malbeware_family-VB.AT_label-22_eps-2_idx-112.vnnlib,.005853087,no_result_in_file,.006347465
malbeware,vnncomp2025_benchmarks/benchmarks/malbeware/onnx/malware_malimg_family_scaled_16-25.onnx,vnncomp2025_benchmarks/benchmarks/malbeware/vnnlib/malbeware_family-C2LOP.P_label-6_eps-2_idx-30.vnnlib,.005888198,no_result_in_file,.006240443
malbeware,vnncomp2025_benchmarks/benchmarks/malbeware/onnx/malware_malimg_family_scaled_16-25.onnx,vnncomp2025_benchmarks/benchmarks/malbeware/vnnlib/malbeware_family-Instantaccess_label-11_eps-2_idx-57.vnnlib,.005897667,no_result_in_file,.006278314
malbeware,vnncomp2025_benchmarks/benchmarks/malbeware/onnx/malware_malimg_family_scaled_16-25.onnx,vnncomp2025_benchmarks/benchmarks/malbeware/vnnlib/malbeware_family-Dialplatform.B_label-8_eps-1_idx-40.vnnlib,.005750775,no_result_in_file,.006332685
malbeware,vnncomp2025_benchmarks/benchmarks/malbeware/onnx/malware_malimg_family_scaled_16-25.onnx,vnncomp2025_benchmarks/benchmarks/malbeware/vnnlib/malbeware_family-Malex.gen!J_label-16_eps-3_idx-82.vnnlib,.005663624,no_result_in_file,.006241443
malbeware,vnncomp2025_benchmarks/benchmarks/malbeware/onnx/malware_malimg_family_scaled_16-25.onnx,vnncomp2025_benchmarks/benchmarks/malbeware/vnnlib/malbeware_family-Autorun.K_label-5_eps-1_idx-27.vnnlib,.005914848,no_result_in_file,.006429787
malbeware,vnncomp2025_benchmarks/benchmarks/malbeware/onnx/malware_malimg_family_scaled_16-25.onnx,vnncomp2025_benchmarks/benchmarks/malbeware/vnnlib/malbeware_family-Allaple.L_label-3_eps-3_idx-16.vnnlib,.005735845,no_result_in_file,.006289264
malbeware,vnncomp2025_benchmarks/benchmarks/malbeware/onnx/malware_malimg_family_scaled_16-25.onnx,vnncomp2025_benchmarks/benchmarks/malbeware/vnnlib/malbeware_family-Allaple.L_label-3_eps-1_idx-18.vnnlib,.005717074,no_result_in_file,.006497198
malbeware,vnncomp2025_benchmarks/benchmarks/malbeware/onnx/malware_malimg_family_scaled_16-25.onnx,vnncomp2025_benchmarks/benchmarks/malbeware/vnnlib/malbeware_family-Swizzor.gen!E_label-20_eps-2_idx-104.vnnlib,.005801895,no_result_in_file,.006443987
malbeware,vnncomp2025_benchmarks/benchmarks/malbeware/onnx/malware_malimg_family_scaled_16-25.onnx,vnncomp2025_benchmarks/benchmarks/malbeware/vnnlib/malbeware_family-VB.AT_label-22_eps-3_idx-111.vnnlib,.005773835,no_result_in_file,.006229813
malbeware,vnncomp2025_benchmarks/benchmarks/malbeware/onnx/malware_malimg_family_scaled_16-25.onnx,vnncomp2025_benchmarks/benchmarks/malbeware/vnnlib/malbeware_family-Rbotigen_label-18_eps-2_idx-93.vnnlib,.005674664,no_result_in_file,.006332244
malbeware,vnncomp2025_benchmarks/benchmarks/malbeware/onnx/malware_malimg_family_scaled_16-25.onnx,vnncomp2025_benchmarks/benchmarks/malbeware/vnnlib/malbeware_family-Lolyda.AT_label-15_eps-2_idx-76.vnnlib,.005847467,no_result_in_file,.006439496
malbeware,vnncomp2025_benchmarks/benchmarks/malbeware/onnx/malware_malimg_family_scaled_16-25.onnx,vnncomp2025_benchmarks/benchmarks/malbeware/vnnlib/malbeware_family-C2LOP.P_label-6_eps-2_idx-31.vnnlib,.005759245,no_result_in_file,.006041340
malbeware,vnncomp2025_benchmarks/benchmarks/malbeware/onnx/malware_malimg_family_scaled_16-25.onnx,vnncomp2025_benchmarks/benchmarks/malbeware/vnnlib/malbeware_family-Allaple.L_label-3_eps-2_idx-18.vnnlib,.005911878,no_result_in_file,.006556929
malbeware,vnncomp2025_benchmarks/benchmarks/malbeware/onnx/malware_malimg_family_scaled_16-25.onnx,vnncomp2025_benchmarks/benchmarks/malbeware/vnnlib/malbeware_family-Autorun.K_label-5_eps-1_idx-28.vnnlib,.005692583,no_result_in_file,.006393516
malbeware,vnncomp2025_benchmarks/benchmarks/malbeware/onnx/malware_malimg_family_scaled_16-25.onnx,vnncomp2025_benchmarks/benchmarks/malbeware/vnnlib/malbeware_family-Allaple.A_label-2_eps-2_idx-13.vnnlib,.005580162,no_result_in_file,.006532528
malbeware,vnncomp2025_benchmarks/benchmarks/malbeware/onnx/malware_malimg_family_scaled_16-25.onnx,vnncomp2025_benchmarks/benchmarks/malbeware/vnnlib/malbeware_family-Alueron.gen!J_label-4_eps-1_idx-23.vnnlib,.005824657,no_result_in_file,.006206452
malbeware,vnncomp2025_benchmarks/benchmarks/malbeware/onnx/malware_malimg_family_scaled_16-25.onnx,vnncomp2025_benchmarks/benchmarks/malbeware/vnnlib/malbeware_family-Dialplatform.B_label-8_eps-2_idx-43.vnnlib,.005765215,no_result_in_file,.006394216
malbeware,vnncomp2025_benchmarks/benchmarks/malbeware/onnx/malware_malimg_family_scaled_16-25.onnx,vnncomp2025_benchmarks/benchmarks/malbeware/vnnlib/malbeware_family-Instantaccess_label-11_eps-2_idx-55.vnnlib,.005730025,no_result_in_file,.006259253
malbeware,vnncomp2025_benchmarks/benchmarks/test/onnx/test_nano.onnx,vnncomp2025_benchmarks/benchmarks/test/vnnlib/test_nano.vnnlib,.005704204,no_result_in_file,.006293444
